event_id,published_at,source,headline,body,ticker_scope,event_type,source_quality,nvda_relevance,event_importance,metadata,reason_codes,future_1d_return,future_1d_direction,future_3d_return,future_3d_direction,future_5d_return,future_5d_direction,volatility_shock,downside_tail_risk
f8f557bca9881c8e,2026-02-15 06:00:00,Lasertec Investor Relations,Lasertec says GPU and HBM demand keeps advanced semiconductor capex strong,"Lasertec's business report said GPU, HBM and other advanced-semiconductor demand remained strong due to AI investment, though its six-month semiconductor-related sales were down year over year. query=Japan Lasertec EUV inspection AI HBM demand","('NVDA',)",product,0.55,0.72,0.7739999999999999,{},['event_type:product'],0.011815537711723945,bullish,0.027843099675892935,bullish,0.04780922985899494,bullish,0,0
ed306d687f787d54,2026-04-15 06:00:00,ASML Investor Relations,ASML Q1 2026 results show AI-driven demand outpacing chip supply while export-control discussions remain in guidance range,"ASML reported Q1 net sales of EUR 8.8 billion and 53.0% gross margin, raised 2026 sales expectations to EUR 36-40 billion, and said demand for chips is outpacing supply while export-control outcomes remain a risk. query=Europe ASML EUV AI demand export controls","('NVDA',)",supply_chain,0.55,0.6,0.772,{},['event_type:supply_chain'],0.012009570384825752,bullish,0.026309085102363516,bullish,0.017149307771515465,bullish,0,0
1116ebd1a70efa6d,2026-04-16 06:00:00,TSMC Investor Relations,TSMC Q1 results and Q2 guidance show leading-edge demand strength,"TSMC Q1 revenue was $35.90 billion with 66.2% gross margin, and Q2 revenue guidance was $39.0 billion to $40.2 billion with gross margin of 65.5% to 67.5%. query=Taiwan TSMC foundry AI demand earnings","('NVDA',)",earnings,0.55,0.6,0.842,{},['event_type:earnings'],-0.0026147182905368327,neutral,0.016040642227232338,bullish,0.018253155186499948,bullish,0,0
0cac23e8a0088a8b,2026-04-21 18:00:00,ASM International Investor Relations,ASM International Q1 results show AI-led demand and leading-edge logic/foundry strength,"ASM reported Q1 revenue of EUR 863 million at the high end of guidance, record adjusted operating margin, AI-led demand, and stronger customer investments in AI infrastructure capacity. query=Europe ASM International ALD epitaxy AI demand","('NVDA',)",earnings,0.55,0.6,0.906302547506327,{},"['event_type:earnings', 'positive_event_language']",-0.010788838474320439,bearish,-0.011976631684574524,bearish,0.07200833033534293,bullish,0,0
b367b4fb50cfe8d0,2026-04-23 06:00:00,BE Semiconductor Industries Investor Relations,Besi Q1 orders double year over year on hybrid bonding and AI computing strength,"Besi reported Q1 orders of EUR 269.7 million, up 104.5% year over year, with strength in hybrid bonding, mobile, photonics, and high-end 2.5D AI computing applications. query=Europe Besi hybrid bonding AI advanced packaging","('NVDA',)",neutral,0.55,0.6,0.744,{},['event_type:neutral'],-0.014123459804205263,bearish,0.06967901535976084,bullish,0.03333333333333344,bullish,1,0
361e3d934d40d7f1,2026-04-23 13:00:00,TSMC Press Center,TSMC debuts A13 and expands advanced CoWoS roadmap for AI compute scaling,"TSMC introduced A13, N2U, A12 and a larger CoWoS roadmap including 5.5-reticle production and a 14-reticle CoWoS target for 2028 to support AI/HPC scaling. query=Taiwan TSMC CoWoS advanced packaging AI","('NVDA',)",supply_chain,0.55,0.6,0.734,{},['event_type:supply_chain'],-0.014123459804205263,bearish,0.06967901535976084,bullish,0.03333333333333344,bullish,1,0
390cb8bc61f2364f,2026-04-27 06:00:00,Advantest Investor Relations,Advantest FY2025 results show significant tester demand for AI semiconductors,"Advantest reported FY2025 net sales up 44.7% and operating income up 118.8%, with tester demand for AI-related high-performance semiconductors growing significantly. query=Japan Advantest tester AI semiconductor demand","('NVDA',)",earnings,0.55,0.6,0.824,{},['event_type:earnings'],0.04004415502378422,bullish,0.004705409840281227,neutral,-0.04715036790114102,bearish,1,1
3b5d3b3cfece893f,2026-04-30 06:00:00,Tokyo Electron Investor Relations,Tokyo Electron guides FY2027 H1 sales and operating income above FY2026 run-rate,"Tokyo Electron's April 30 estimates show FY2027 H1 net sales of 1.57 trillion yen and operating income of 431 billion yen, above the FY2026 half-year run-rate as equipment demand remains tied to advanced logic and memory investment. query=Japan Tokyo Electron semiconductor equipment outlook","('NVDA',)",guidance,0.55,0.6,0.862,{},['event_type:guidance'],-0.04626041900014932,bearish,-0.0514695544681526,bearish,-0.006786132229129382,bearish,1,1
d25e61afcbbb3c55,2026-04-30 06:00:00,UMC Investor Relations,UMC posts Q1 2026 financial results package,"UMC published its Q1 2026 earnings release, financial statements and investor materials, keeping the Taiwan mature-node foundry read-through active for industrial, auto and specialty demand. query=Taiwan UMC foundry mature node demand","('NVDA',)",earnings,0.55,0.6,0.822,{},['event_type:earnings'],-0.04626041900014932,bearish,-0.0514695544681526,bearish,-0.006786132229129382,bearish,1,1
7c9f2e6aae6d8054,2026-05-06 06:00:00,Infineon Investor Relations,Infineon raises FY2026 guidance as AI power infrastructure strengthens and auto orders improve,"Infineon raised full-year guidance, citing stronger AI power infrastructure and improving automotive order intake, while noting geopolitical and macro risks. query=Europe Infineon automotive power AI infrastructure","('NVDA',)",guidance,0.55,0.6,0.9385565890695821,{},"['event_type:guidance', 'positive_event_language']",0.05765904239722497,bullish,0.09516537887146148,bullish,0.12356233475469147,bullish,0,0
f74d569830c379e7,2026-05-08 06:00:00,TSMC Press Center,TSMC April revenue rises 17.5% year over year,"TSMC reported April 2026 consolidated revenue of NT$410.73 billion, down 1.1% from March but up 17.5% from April 2025. query=Taiwan TSMC monthly revenue AI demand","('NVDA',)",supply_chain,0.55,0.6,0.718,{},['event_type:supply_chain'],0.01749407540540049,bullish,0.04387706278627368,bullish,0.11460995505042115,bullish,0,0
0fd894b2739e8347,2026-05-20 04:15:50,AP News,Samsung union delays strike after tentative wage agreement,"Samsung Electronics' union put off a planned strike after reaching a tentative wage deal, reducing near-term disruption risk for the world's largest memory chip maker. query=South Korea Samsung memory labor supply risk","('NVDA',)",supply_chain,0.55,0.6,0.7903025475063269,{},"['event_type:supply_chain', 'negative_event_language']",0.01296405694410474,bullish,-0.023933632948138994,bearish,,unknown,0,0
2b3a9340c9a9311d,2026-05-20 06:00:00,Renesas Investor Relations,Renesas schedules Capital Market Day after Q1 results and vision-AI acquisition,"Renesas plans a June 25 Capital Market Day after Q1 results and its Irida Labs acquisition, keeping Japan auto/industrial and edge-vision semiconductor catalysts in focus. query=Japan Renesas automotive industrial edge AI semiconductor","('NVDA',)",earnings,0.55,0.6,0.834,{},['event_type:earnings'],0.01296405694410474,bullish,-0.023933632948138994,bearish,,unknown,0,0
f1b46af946afb3ed,2026-05-20 09:00:00,SK hynix Newsroom,SK hynix highlights HBM4 and 321-layer NAND innovations at Korea Invention Day,"SK hynix highlighted HBM4 and 321-layer 1Tb 4D NAND innovations, reinforcing Korea's AI memory leadership while supply remains tight. query=South Korea SK hynix HBM memory AI supply","('NVDA',)",supply_chain,0.55,0.6,0.726,{},['event_type:supply_chain'],0.01296405694410474,bullish,-0.023933632948138994,bearish,,unknown,0,0
4c027c70cfcb72c4,2026-05-20 10:00:00,Tom's Hardware,AMD CEO Lisa Su meets China's vice premier and reiterates China AI ecosystem commitment,"AMD's CEO met Chinese Vice Premier He Lifeng and emphasized deeper investment in China, highlighting both export-policy sensitivity and AMD's competitive push in AI infrastructure. query=AMD China AI chip competition","('NVDA',)",competition,0.55,0.72,0.7739999999999999,{},['event_type:competition'],0.01296405694410474,bullish,-0.023933632948138994,bearish,,unknown,0,0
27c1d5b68710e0f9,2026-05-20 20:05:00,NVIDIA Investor Relations,"NVIDIA reports record Q1 FY2027 revenue, $91B Q2 outlook, and larger cash returns","NVIDIA reported record Q1 FY2027 revenue of $81.6 billion, record Data Center revenue of $75.2 billion, Q2 revenue guidance of $91.0 billion plus or minus 2%, an $80 billion additional buyback authorization, a dividend increase, and no assumed Data Center compute revenue from China in the Q2 outlook. query=Nvidia earnings revenue guidance China buyback dividend","('NVDA',)",guidance,0.92,0.84,1.0,{},"['event_type:guidance', 'high_nvda_relevance', 'high_source_quality', 'positive_event_language']",0.01296405694410474,bullish,-0.023933632948138994,bearish,,unknown,0,0
ce29562df824452c,2026-05-20 20:57:38,AP News,AP: Nvidia Q1 results surpass Wall Street expectations on massive AI chip demand,"AP reported Nvidia surpassed Wall Street expectations again, supported by massive demand for high-end AI chips. query=Nvidia earnings AI demand","('NVDA',)",earnings,0.55,0.84,0.8820000000000001,{},"['event_type:earnings', 'high_nvda_relevance']",0.01296405694410474,bullish,-0.023933632948138994,bearish,,unknown,0,0
7550bf6305667411,2026-05-21 05:35:00,AMD Investor Relations,AMD announces more than $10B Taiwan ecosystem investment for AI infrastructure,"AMD announced more than $10 billion of Taiwan ecosystem investment, EFB packaging work, and Helios rack-scale platform deployment plans with MI450X GPUs beginning in the second half of 2026. query=US AMD Taiwan AI infrastructure advanced packaging","('NVDA',)",product,0.55,0.72,0.7739999999999999,{},['event_type:product'],-0.017720529342800773,bearish,,unknown,,unknown,0,1
b7fe76a6bb53fafc,2026-05-22 09:25:00,Micron Investor Relations,Micron Virginia fab begins 1-alpha DRAM manufacturing as US memory supply expands,"Micron started 1-alpha DRAM manufacturing at its Manassas, Virginia fab, quadrupling local DDR4 wafer supply over time and advancing a broader US memory investment plan. query=US Micron memory AI DRAM domestic supply","('NVDA',)",supply_chain,0.55,0.6,0.734,{},['event_type:supply_chain'],-0.01904237975665879,bearish,,unknown,,unknown,0,0
89af6eae4383d38b,2026-05-23 12:00:00,Computing,TSMC warns Nvidia and Broadcom of capacity squeeze as AI chip demand surges,Reports around TSMC capacity constraints point to tight advanced-node and advanced-packaging supply for AI chip customers including Nvidia and Broadcom. query=Taiwan TSMC Nvidia Broadcom advanced node capacity CoWoS,"('NVDA',)",supply_chain,0.55,0.84,0.7999999999999999,{},"['event_type:supply_chain', 'high_nvda_relevance']",,unknown,,unknown,,unknown,0,0
9da09a6a587164b7,2026-05-23 17:17:00,Reuters Connect,"Reuters: Nvidia's $200B Vera CPU market forecast includes China, but H200 deliveries remain blocked","Huang said China is included in Nvidia's $200 billion Vera CPU market forecast, while reporting around H200 approvals still shows practical delivery friction. query=Nvidia China Vera CPU H200","('NVDA',)",product,0.95,0.84,0.8819999999999999,{},"['event_type:product', 'high_nvda_relevance', 'high_source_quality']",,unknown,,unknown,,unknown,0,0
473dadffcb6f4151,2026-05-24 14:20:00,Tom's Hardware,Nvidia CEO urges Super Micro to tighten export compliance after Taiwan crackdown,Jensen Huang urged Super Micro to improve export compliance after Taiwan began cracking down on suspected AI server smuggling involving Nvidia chips headed to China. query=Nvidia export compliance China Taiwan smuggling,"('NVDA',)",product,0.55,0.72,0.7639999999999999,{},['event_type:product'],,unknown,,unknown,,unknown,0,0
cebaa0bdebb716eb,2026-05-25 05:00:00,MarketBeat,MarketBeat updates NVIDIA analyst consensus to Buy with elevated average target after earnings,MarketBeat's analyst forecast page reflects a Buy consensus and elevated average price target after NVIDIA's record Q1 FY2027 results. query=Nvidia analyst consensus price target,"('NVDA',)",earnings,0.55,0.72,0.9725565890695819,{},"['event_type:earnings', 'positive_event_language']",,unknown,,unknown,,unknown,0,0
251826ec2587d83e,2026-05-25 07:33:00,Investing.com,Chinese chipmaking stocks rally after Huawei chip design breakthrough,"Chinese semiconductor shares rallied after Huawei's chip-design announcement, pointing to stronger investor confidence in domestic chip self-sufficiency amid US sanctions. query=China semiconductor domestic substitution SMIC Hua Hong","('NVDA',)",product,0.55,0.6,0.72,{},['event_type:product'],,unknown,,unknown,,unknown,0,0
406690fc45d790b1,2026-05-25 10:00:00,Reuters via Investing.com,Huawei proposes Tau Scaling Law and LogicFolding path for advanced chips under US sanctions,"Huawei expects a path toward high-end chip density despite US sanctions, with LogicFolding architecture for 2026 Kirin chips and a longer-term 1.4nm-class density target by 2031. query=China Huawei export controls domestic substitution","('NVDA',)",export_control,0.95,0.6,0.9863025475063268,{},"['event_type:export_control', 'high_source_quality', 'negative_event_language']",,unknown,,unknown,,unknown,0,0
d44014cc41b45e10,2026-05-25 15:00:00,StockAnalysis,StockAnalysis shows post-earnings NVIDIA analyst consensus at Strong Buy with May target updates,"Analyst-rating aggregation shows NVIDIA retaining a Strong Buy consensus after Q1 results, with multiple May target updates following the earnings release. query=Nvidia analyst price target earnings","('NVDA',)",earnings,0.55,0.72,0.86,{},['event_type:earnings'],,unknown,,unknown,,unknown,0,0
