date,sequence,quantity,price,notional,fee,reason,cash,shares,equity,gross_realized_pnl,realized_pnl,cumulative_fees
2020-03-31,0,976.8709496973563,102.2143453994,99850.22466300549,149.77533699450822,signal,0.0,976.8709496973563,99850.22466300549,0.0,-149.77533699450822,149.77533699450822
2020-04-02,1,-976.8709496973563,106.30291921537601,103844.2336495257,155.76635047428857,take_profit,103688.46729905142,0.0,103688.46729905142,3994.0089865202244,3688.4672990514277,305.5416874687968
2020-04-03,2,990.7466784651455,104.5001409524,103533.16754772983,155.29975132159475,signal,0.0,990.7466784651455,103533.16754772983,0.0,3533.167547729833,460.8414387903915
2020-04-07,3,-990.7466784651455,101.88763742859,100944.83835903657,151.41725753855485,stop_loss,100793.42110149801,0.0,100793.42110149801,-2588.329188693251,793.4211014980274,612.2586963289464
2020-04-08,4,958.4812390536049,105.0020108007,100642.45741537494,150.96368612306242,signal,0.0,958.4812390536049,100642.45741537494,0.0,642.457415374965,763.2223824520088
2020-04-14,5,-958.4812390536049,109.20209123272801,104668.15571198995,157.00223356798494,take_profit,104511.15347842197,0.0,104511.15347842197,4025.698296615,4511.15347842198,920.2246160199937
2020-04-15,6,987.5471662432176,105.6705189516,104354.6215461028,156.5319323191542,signal,1.4551915228366852e-11,987.5471662432176,104354.62154610282,0.0,4354.621546102826,1076.756548339148
2020-04-17,7,-987.5471662432176,109.89733970966401,108528.80640794692,162.7932096119204,take_profit,108366.01319833501,0.0,108366.01319833501,4174.18486184412,8366.013198335026,1239.5497579510684
2020-04-20,8,977.6937647704838,110.6723920473,108203.70763687968,162.30556145531952,signal,1.4551915228366852e-11,977.6937647704838,108203.7076368797,0.0,8203.707636879706,1401.855319406388
2020-04-21,9,-977.6937647704838,107.90558224611749,105498.61494595768,158.24792241893653,stop_loss,105340.36702353877,0.0,105340.36702353877,-2705.0926909219957,5340.367023538774,1560.1032418253244
2020-04-22,10,969.4854851574578,108.4932108259,105182.593133838,157.773889700757,signal,1.4551915228366852e-11,969.4854851574578,105182.59313383802,0.0,5182.593133838018,1717.8771315260815
2020-04-27,11,-969.4854851574578,105.7808805552525,102553.02830549206,153.82954245823808,stop_loss,102399.19876303384,0.0,102399.19876303384,-2629.564828345949,2399.198763033831,1871.7066739843197
2020-04-28,12,937.9542505096204,109.0093999387,102245.83001800682,153.36874502701022,signal,1.4551915228366852e-11,937.9542505096204,102245.83001800683,0.0,2245.8300180068204,2025.0754190113298
2020-05-05,13,-937.9542505096204,106.2841649402325,99689.68426755664,149.53452640133497,stop_loss,99540.14974115533,0.0,99540.14974115533,-2556.1457504501695,-459.85025884468405,2174.6099454126647
2020-05-06,14,938.3513052196721,105.92095156,99391.06314643567,149.0865947196535,signal,0.0,938.3513052196721,99391.06314643567,0.0,-608.9368535643375,2323.696540132318
2020-05-13,15,-938.3513052196721,111.5679189685,104689.90238473458,157.03485357710187,take_profit,104532.86753115748,0.0,104532.86753115748,5298.839238298914,4532.867531157475,2480.73139370942
2020-05-14,16,918.2147693784223,113.6730823304,104376.30307654265,156.56445461481397,signal,1.4551915228366852e-11,918.2147693784223,104376.30307654267,0.0,4376.303076542661,2637.295848324234
2020-05-15,17,-37.92704768363899,116.9173564779,4434.330154182331,6.651495231273497,signal,4427.678658951072,880.2877216947833,107348.59201945848,123.04574029102947,4492.697321602417,2643.947343555508
2020-05-15,18,-880.2877216947833,118.22000562361602,104067.61940915741,156.10142911373612,take_profit,108339.19663899475,0.0,108339.19663899475,4002.6007465060634,8339.196638994745,2800.048772669244
2020-05-18,19,903.0799904853454,115.6270902652,104420.51157654499,156.63076736481747,signal,3762.0542950849485,903.0799904853454,108182.56587162994,0.0,8182.565871629928,2956.6795400340616
2020-05-19,20,-2.5274205647085637,116.5545944957,294.58247903969976,0.44187371855954966,signal,4056.194900406089,900.5525699206369,109019.73450956644,2.344193266019906,8184.468191177388,2957.1214137526213
2020-05-20,21,20.479881906515402,115.8675127108,2372.9529771188563,3.5594294656782846,signal,1679.682493821554,921.0324518271523,108397.42181296341,0.0,8180.908761711709,2960.6808432182997
2020-05-20,22,-921.0324518271523,112.74162534142721,103838.6956111929,155.75804341678935,stop_loss,105362.62006159767,0.0,105362.62006159767,-2662.5306566972513,5362.620061597669,3116.438886635089
2020-05-21,23,883.668756130498,113.260093051,100084.40554560162,150.12660831840245,signal,5128.087907677647,883.668756130498,105212.49345327927,0.0,5212.493453279266,3266.5654949534915
2020-05-22,24,-7.612719966175632,114.1105330101,868.6915329969319,1.3030372994953978,signal,5995.4764033750835,876.0560361643223,105962.69763680134,6.474161256674165,5217.6645772364445,3267.868532252987
2020-05-26,25,-26.46190998975112,115.6919887122,3061.4309918375393,4.592146487756309,signal,9052.315248724866,849.5941261745712,107343.54930406477,64.35260409114075,5277.425034839829,3272.4606787407433
2020-05-27,26,7.038130929013732,116.31668389,818.6520504465223,1.2279780756697833,signal,8232.435220202675,856.632257103585,107873.05867969757,0.0,5276.197056764159,3273.688656816413
2020-05-28,27,-0.1234590540100271,116.0183115573,14.323510992704852,0.02148526648905728,signal,8246.73724592889,856.5087980495749,107617.44182961302,0.33742660869419394,5276.512998106365,3273.710142082902
2020-05-29,28,-15.165651385190472,116.6114613792,1768.4887707945495,2.6527331561918244,signal,10012.573283567248,841.3431466643844,108122.82713747572,50.44482729782512,5324.305092247998,3276.362875239094
2020-05-29,29,-841.3431466643844,117.81661439095204,99124.20108102799,148.686301621542,take_profit,108988.08806297371,0.0,108988.08806297371,3812.4692723472317,8988.088062973688,3425.049176860636
2020-06-01,30,782.425967162831,118.5503496233,92756.87196150224,139.13530794225338,signal,16092.08079352921,782.425967162831,108848.95275503145,0.0,8848.952755031434,3564.1844848028895
2020-06-02,31,-3.237801156390674,119.8767640059,388.13712512267495,0.5822056876840125,signal,16479.635712964202,779.1881660064403,109886.19160550827,4.294666021835523,8852.665215365585,3564.7666904905736
2020-06-03,32,-7.352693606878461,120.3771911224,885.0966035796571,1.3276449053694857,signal,17363.40467163849,771.8354723995618,110274.79084772844,13.432205811212928,8864.769776271429,3566.0943353959433
2020-06-04,33,20.95783700688878,122.6833606821,2571.1778766327993,3.856766814949199,signal,14788.370028190742,792.7933094064506,112050.91755245802,0.0,8860.913009456479,3569.9511022108927
2020-06-04,34,-792.7933094064506,123.40599187670233,97835.4447005164,146.7531670507746,take_profit,112477.06156165636,0.0,112477.06156165636,3762.9017192506317,12477.061561656335,3716.7042692616674
2020-06-05,35,787.7586428709452,126.0753099643,99316.91507701072,148.97537261551608,signal,13011.171112030119,787.7586428709452,112328.08618904084,0.0,12328.08618904082,3865.6796418771833
2020-06-05,36,-787.7586428709452,122.9234272151925,96833.99220008546,145.2509883001282,stop_loss,109699.91232381544,0.0,109699.91232381544,-2482.922876925268,9699.912323815424,4010.9306301773113
2020-06-08,37,773.1425955922067,121.9337548321,94272.17970119357,141.40826955179037,signal,15286.324353070086,773.1425955922067,109558.50405426366,0.0,9558.504054263634,4152.338899729101
2020-06-09,38,17.436833884858288,126.5228363523,2206.1576801161646,3.309236520174247,signal,13076.857436433747,790.579429477065,113103.20921565514,0.0,9555.19481774346,4155.648136249276
2020-06-09,39,-790.579429477065,126.91636935574095,100337.47087656213,150.5062063148432,take_profit,113263.82210668104,0.0,113263.82210668104,3859.133495252396,13263.822106681015,4306.154342564119
2020-06-10,40,749.9333796717196,128.0445756333,96024.9013533118,144.0373520299677,signal,17094.883401339277,749.9333796717196,113119.78475465107,0.0,13119.784754651047,4450.1916945940875
2020-06-11,41,20.376462325223088,129.005193955,2628.669474382155,3.9430042115732324,signal,14462.270922745549,770.3098419969427,113836.24149500656,0.0,13115.841750439475,4454.134698805661
2020-06-12,42,-770.3098419969427,133.2481680359,102642.3752661162,153.9635628991743,take_profit,116950.68262596258,0.0,116950.68262596258,3988.804438422247,16950.68262596255,4608.098261704836
2020-06-15,43,869.3491354564497,134.325226292,116775.51934694216,175.16327902041326,signal,0.0,869.3491354564497,116775.51934694216,0.0,16775.519346942136,4783.261540725249
2020-06-17,44,-869.3491354564497,139.69823534368,121446.54012081987,182.16981018122982,take_profit,121264.37031063864,0.0,121264.37031063864,4671.0207738777,21264.370310638606,4965.431350906479
2020-06-18,45,863.1136197544309,140.2859871749,121082.7461913516,181.6241192870274,signal,1.4551915228366852e-11,863.1136197544309,121082.74619135162,0.0,21082.74619135158,5147.055470193506
2020-06-22,46,-863.1136197544309,145.897426661896,125926.05603900568,188.88908405850853,take_profit,125737.16695494718,0.0,125737.16695494718,4843.309847654069,25737.16695494714,5335.944554252014
2020-06-23,47,867.9439170977606,144.6508711176,125548.84368941306,188.3232655341196,signal,1.4551915228366852e-11,867.9439170977606,125548.84368941307,0.0,25548.84368941302,5524.267819786134
2020-06-24,48,-867.9439170977606,141.03459933966,122410.12259717773,183.6151838957666,stop_loss,122226.50741328199,0.0,122226.50741328199,-3138.7210922353265,22226.507413281928,5707.883003681901
2020-06-25,49,847.6811814577258,143.9732825495,122043.44224990712,183.06516337486067,signal,0.0,847.6811814577258,122043.44224990712,0.0,22043.442249907068,5890.948167056761
2020-06-29,50,-847.6811814577258,149.73221385148,126925.17993990342,190.38776990985514,take_profit,126734.79216999357,0.0,126734.79216999357,4881.737689996285,26734.792169993496,6081.335936966616
2020-06-30,51,847.9075750123199,149.2438308575,126544.97470793166,189.8174620618975,signal,1.4551915228366852e-11,847.9075750123199,126544.97470793167,0.0,26544.974707931597,6271.153399028513
2020-07-09,52,-847.9075750123199,155.21358409180002,131606.77369624894,197.4101605443734,take_profit,131409.36353570456,0.0,131409.36353570456,5061.798988317279,31409.363535704502,6468.563559572887
2020-07-10,53,848.7279199454917,154.5990671864,131212.5447186266,196.8188170779399,signal,2.9103830456733704e-11,848.7279199454917,131212.54471862662,0.0,31212.544718626563,6665.382376650827
2020-07-13,54,-848.7279199454917,150.73409050674,127932.23110066092,191.89834665099139,stop_loss,127740.33275400996,0.0,127740.33275400996,-3280.3136179656676,27740.332754009905,6857.280723301818
2020-07-14,55,829.2322973787562,153.8157759211,127549.00924014972,191.32351386022458,signal,1.4551915228366852e-11,829.2322973787562,127549.00924014974,0.0,27549.00924014968,7048.604237162043
2020-07-15,56,-829.2322973787562,149.9703815230725,124360.28400914598,186.54042601371899,stop_loss,124173.74358313228,0.0,124173.74358313228,-3188.72523100375,24173.74358313221,7235.144663175763
2020-07-16,57,826.9767237696036,149.9289621781,123987.76194022194,185.9816429103329,signal,0.0,826.9767237696036,123987.76194022194,0.0,23987.761940221877,7421.126306086096
2020-07-22,58,-826.9767237696036,146.1807381236475,120888.0678917164,181.3321018375746,stop_loss,120706.73578987883,0.0,120706.73578987883,-3099.694048505543,20706.73578987876,7602.45840792367
2020-07-23,59,827.917831497476,145.5771844551,120525.94686957446,180.78892030436168,signal,1.4551915228366852e-11,827.917831497476,120525.94686957447,0.0,20525.946869574396,7783.247328228032
2020-07-24,60,-827.917831497476,141.9377548437225,117512.7981978351,176.26919729675265,stop_loss,117336.52900053836,0.0,117336.52900053836,-3013.148671739357,17336.529000538285,7959.516525524784
2020-07-27,61,826.5847672631488,141.740801983,117160.78781881013,175.7411817282152,signal,1.4551915228366852e-11,826.5847672631488,117160.78781881015,0.0,17160.78781881007,8135.257707252999
2020-07-30,62,-2.141635242389725,142.5886179745,305.3728094178343,0.45805921412675144,signal,304.91475020372206,824.4431320207591,117861.12154361203,1.8157126064579858,17162.1454722024,8135.715766467126
2020-07-31,63,-7.278947823871476,145.0329078198,1055.6869687646856,1.5835304531470284,signal,1359.0181885152606,817.1641841968876,119874.71598878452,23.963066616729773,17184.52500836598,8137.299296920273
2020-08-03,64,-6.155987505136295,144.8164281452,891.4881222003194,1.337232183300479,signal,2249.1690785322794,811.0081966917513,119696.47931991152,18.933516224973467,17202.121292407654,8138.636529103574
2020-08-04,65,-34.31713596096563,144.5617495326,4960.945213465294,7.441417820197941,signal,7202.672874177375,776.6910607307857,119482.49145975063,96.80684059837577,17291.48671518583,8146.077946923771
2020-08-05,66,-2.3313000411918665,146.2769178884,341.0153846986462,0.5115230770479693,signal,7543.176735798973,774.3597606895938,120814.13586627175,10.575047197110058,17301.550239305892,8146.589470000819
2020-08-05,67,-774.3597606895938,147.41043406232,114148.70844364727,171.2230626654709,take_profit,121520.66211678078,0.0,121520.66211678078,4390.334940140277,21520.6621167807,8317.81253266629
2020-08-06,68,596.824545977642,150.9651960228,90099.73457473333,135.1496018621,signal,31285.777940185348,596.824545977642,121385.51251491868,0.0,21385.5125149186,8452.96213452839
2020-08-06,69,-596.824545977642,147.19106612222998,87847.24121036498,131.77086181554748,stop_loss,119001.24828873479,0.0,119001.24828873479,-2252.4933643683435,19001.248288734707,8584.732996343937
2020-08-07,70,588.438665924921,150.3282141414,88458.93378024126,132.6884006703619,signal,30409.626107823162,588.438665924921,118868.55988806442,0.0,18868.559888064345,8717.4213970143
2020-08-10,71,-12.96355939905959,149.7403895813,1941.1684347755065,2.9117526521632597,signal,32347.882789946507,575.4751065258614,118519.74943546912,-7.620298601082281,18858.0278368111,8720.333149666463
2020-08-10,72,-575.4751065258614,146.570008787865,84347.39142069305,126.52108713103958,stop_loss,116568.75312350852,0.0,116568.75312350852,-2162.753626171619,16568.75312350844,8846.854236797502
2020-08-11,73,545.8904559450723,146.9568748886,80222.3554372008,120.33353315580119,signal,36226.06415315192,545.8904559450723,116448.41959035271,0.0,16448.419590352638,8967.187769953303
2020-08-12,74,-5.438692726958948,148.5843395179,808.1045666760017,1.2121568500140025,signal,37032.95656297791,540.4517632181133,117335.62484202576,8.851280042756814,16456.058713545382,8968.399926803317
2020-08-12,75,-540.4517632181133,152.83514988414402,82600.02623659026,123.9000393548854,take_profit,119509.08276021328,0.0,119509.08276021328,3176.924086022712,19509.08276021321,9092.299966158202
2020-08-13,76,557.1026197464354,150.3082299381,83737.10866796509,125.60566300194763,signal,35646.36842924624,557.1026197464354,119383.47709721133,0.0,19383.47709721126,9217.90562916015
2020-08-13,77,-557.1026197464354,146.5505241896475,81643.68095126597,122.46552142689896,stop_loss,117167.58385908531,0.0,117167.58385908531,-2093.4277166991324,17167.58385908523,9340.371150587049
2020-08-14,78,542.2213573630928,148.2863569736,80404.02975665352,120.60604463498028,signal,36642.948057796806,542.2213573630928,117046.97781445032,0.0,17046.97781445025,9460.977195222029
2020-08-17,79,-5.498173401662143,148.181649834,814.7284057317124,1.2220926085975687,signal,37456.45437091992,536.7231839614307,116988.98127448221,-0.5756980099127392,17045.180023831737,9462.199287830626
2020-08-17,80,-536.7231839614307,154.217811252544,82772.27467902837,124.15841201854256,take_profit,120104.57063792975,0.0,120104.57063792975,3183.5490261164846,20104.57063792968,9586.35769984917
2020-08-18,81,537.9645190962821,151.3315803894,81411.02086826392,122.11653130239588,signal,38571.43323836343,537.9645190962821,119982.45410662735,0.0,19982.454106627283,9708.474231151566
2020-08-19,82,7.703162623076423,148.6579836158,1145.1366230111378,1.7177049345167066,signal,37424.578910417775,545.6676817193585,118542.43619912575,0.0,19980.736401692768,9710.191936086083
2020-08-20,83,15.00386805766425,150.7044069887,2261.1490381669887,3.391723557250483,signal,35160.03814869354,560.6715497770227,119655.71157327514,0.0,19977.344678135516,9713.583659643333
2020-08-21,84,-1.9834791004792578,152.832795519,303.14065577975646,0.4547109836696347,signal,35462.724093489625,558.6880706765435,120848.58375810241,3.083777689550131,19979.973744841398,9714.038370627002
2020-08-24,85,32.804408166548114,153.8987028262,5048.555863812957,7.572833795719435,signal,30406.595395880948,591.4924788430916,121436.5206212863,0.0,19972.40091104568,9721.611204422721
2020-08-24,86,-591.4924788430916,147.6378204302599,87326.66037728566,130.9899905659285,stop_loss,117602.26578260068,0.0,117602.26578260068,-2239.1451378791235,17602.265782600625,9852.601194988649
2020-08-25,87,547.8218937132823,147.3852293813,80740.85546503027,121.1112831975454,signal,36740.29903437286,547.8218937132823,117481.15449940313,0.0,17481.15449940308,9973.712478186195
2020-08-26,88,7.816539664601692,149.7517419278,1170.540430621845,1.7558106459327676,signal,35568.00279310508,555.638433377884,118775.82607347704,0.0,17479.39868875715,9975.468288832128
2020-08-26,89,-555.638433377884,153.31526153365064,85187.85173147821,127.78177759721731,take_profit,120628.07274698606,0.0,120628.07274698606,3276.4558358260847,20628.072746986014,10103.250066429346
2020-08-27,90,574.1147414365361,150.2640989491,86268.83431535662,129.40325147303494,signal,34229.8351801564,574.1147414365361,120498.66949551302,0.0,20498.66949551298,10232.65331790238
2020-08-28,91,-3.5072777895929903,151.3475382535,530.8178594260761,0.7962267891391142,signal,34759.85681279333,570.6074636469431,121119.89174483166,3.799922608694207,20501.673191332535,10233.44954469152
2020-08-31,92,14.329309716985904,154.4546428027,2213.228413946316,3.319842620919474,signal,32543.308556226097,584.936773363929,122889.50894831563,0.0,20498.353348711615,10236.76938731244
2020-08-31,93,-584.936773363929,156.38142573620217,91473.24658418498,137.20986987627748,take_profit,123879.3452705348,0.0,123879.3452705348,3518.20179169943,23879.345270534766,10373.97925718872
2020-09-01,94,565.1820022944908,156.3394069021,88360.219030462,132.540328545693,signal,35386.5859115271,565.1820022944908,123746.8049419891,0.0,23746.804941989074,10506.519585734412
2020-09-01,95,-565.1820022944908,152.4309217295475,86151.21355470046,129.2268203320507,stop_loss,121408.5726458955,0.0,121408.5726458955,-2209.0054757615517,21408.57264589547,10635.746406066462
2020-09-02,96,532.5848816074322,152.3854023068,81158.161446268,121.73724216940201,signal,40128.6739574581,532.5848816074322,121286.8354037261,0.0,21286.83540372607,10757.483648235864
2020-09-03,97,85.35542553764867,154.2871926888,13169.24898696172,19.753873480442582,signal,26939.67109701594,617.9403071450809,122279.94633568526,0.0,21267.081530245625,10777.237521716306
2020-09-04,98,17.445195520191987,155.7782790299,2717.582535475629,4.076373803213444,signal,24218.0121877371,635.3855026652728,123197.27231348124,0.0,21263.00515644241,10781.313895519519
2020-09-04,99,-635.3855026652728,158.8433986360919,100926.79268745356,151.39018903118034,take_profit,124993.41468615948,0.0,124993.41468615948,3881.7997187482147,24993.414686159445,10932.7040845507
2020-09-08,100,635.1244798225341,158.8958750624,100918.65999495317,151.37798999242975,signal,23923.376701213885,635.1244798225341,124842.03669616705,0.0,24842.036696167015,11084.08207454313
2020-09-09,101,52.656607033949854,155.9496021557,8211.776917813515,12.317665376720273,signal,15699.28211802365,687.781086856484,122958.46898350728,0.0,24829.719030790297,11096.39973991985
2020-09-09,102,-687.781086856484,154.70355033497736,106402.1759899475,159.60326398492126,stop_loss,121941.85484398624,0.0,121941.85484398624,-2728.2609228191723,21941.854843986202,11256.003003904772
2020-09-10,103,672.2120624028605,151.7364399799,101999.06526055644,152.99859789083467,signal,19789.79098553896,672.2120624028605,121788.8562460954,0.0,21788.85624609537,11409.001601795608
2020-09-11,104,-0.15573111081926072,153.4553645629,23.897774384555035,0.035846661576832556,signal,19813.652913261936,672.0563312920412,122944.30223848722,0.2676900347251228,21789.088089468518,11409.037448457184
2020-09-14,105,23.220615944259976,153.0923010876,3554.897527578173,5.3323462913672595,signal,16253.423039392395,695.2769472363012,122694.97078495959,0.0,21783.75574317715,11414.36979474855
2020-09-15,106,10.787577056236387,150.0252153322,1618.408570774564,2.4276128561618457,signal,14632.58685576167,706.0645242925376,120560.06915117698,0.0,21781.328130320988,11416.797407604712
2020-09-16,107,8.466975524410827,151.5107738495,1282.8380138682605,1.9242570208023908,signal,13347.824584872607,714.5314998169484,121607.04506198234,0.0,21779.403873300187,11418.721664625515
2020-09-16,108,-714.5314998169484,147.95819335228876,105720.78980621694,158.5811847093254,stop_loss,118910.03320638022,0.0,118910.03320638022,-2710.7894822106878,18910.033206380172,11577.30284933484
2020-09-17,109,683.4550901418405,149.8593347734,102422.12515615036,153.63318773422554,signal,16334.27486249563,683.4550901418405,118756.40001864599,0.0,18756.400018645945,11730.936037069065
2020-09-17,110,-683.4550901418405,146.112851404065,99861.57202724658,149.79235804086989,stop_loss,116046.05453170135,0.0,116046.05453170135,-2560.553128903766,16046.05453170131,11880.728395109934
2020-09-18,111,674.5092496737341,145.9251901109,98427.89049020015,147.64183573530022,signal,17470.522205765898,674.5092496737341,115898.41269596605,0.0,15898.41269596601,12028.370230845234
2020-09-21,112,-0.5923198655065107,147.1050992777,87.13327261948916,0.13069990892923375,signal,17557.524778476458,673.9169298082276,116694.14164283854,0.6988836389888762,15898.98087969607,12028.500930754162
2020-09-22,113,0.6072369407871747,147.5983178572,89.62715100093914,0.1344407265014087,signal,17467.763186749016,674.5241667490147,117026.39555293306,0.0,15898.84643896957,12028.635371480663
2020-09-23,114,73.84294210997666,147.1677957432,10867.303021517988,16.300954532276982,signal,6584.159210698752,748.3671088589914,116719.69702818792,0.0,15882.545484437293,12044.93632601294
2020-09-24,115,2.2010996986152804,147.3764861068,324.39033915265657,0.4865855087289849,signal,6259.282286037366,750.5682085576067,116875.38744673326,0.0,15882.058898928564,12045.422911521668
2020-09-25,116,23.923878957285297,148.4160887479,3550.688542518472,5.326032813777708,signal,2703.2677107051168,774.492087514892,117650.35410586165,0.0,15876.732866114786,12050.748944335446
2020-09-28,117,-26.010357532895114,151.0752405288,3929.5210205222147,5.8942815307833225,signal,6626.894449696549,748.4817299819969,119703.95183813907,128.7303612215769,15999.568945805579,12056.64322586623
