Date,Close,High,Low,Open,Volume
2024-05-22,94.89645385742188,95.96585017054332,93.196416664474,95.40516951213256,548648000
2024-05-23,103.7404556274414,106.26002974980725,101.46273414650618,101.970450841432,835065000
2024-05-24,106.40895080566406,106.41494412748668,102.94190563238328,104.39008586204577,429494000
2024-05-28,113.83675384521484,114.87417036274924,109.82102250000426,110.18181893492428,652728000
2024-05-29,114.7602310180664,115.42685462015828,110.83844833840384,112.98623828974068,557442000
2024-05-30,110.43766784667967,115.75366768594492,109.60114200461162,114.58532839037406,484553000
2024-05-31,109.5711669921875,112.65342715935483,106.87968513049076,112.45653205108223,613263000
2024-06-03,114.93513488769533,114.93513488769533,111.93982368190672,113.55691490102478,438392000
2024-06-04,116.37132263183594,116.53423270815344,113.98067349692546,115.65073625073812,403324000
2024-06-05,122.3709487915039,122.37993877462908,117.40175277551737,118.30424338003812,528402000
2024-06-06,120.92975616455078,125.51616477932996,118.25326519915949,123.97803133753258,664696000
2024-06-07,120.81981658935548,121.62336396697008,117.95543577009146,119.70244332667052,412386000
2024-06-10,121.72129821777344,123.0305567964374,116.94399587339676,120.3021010809677,313434100
2024-06-11,120.85174560546876,122.81080030375152,118.68278538083564,121.71132421608192,222551200
2024-06-12,125.13965606689452,126.81884668595568,122.51092635625676,123.00068806264866,299595000
2024-06-13,129.5475311279297,129.7374419918796,127.09871503024355,129.32763594350715,260704500
2024-06-14,131.8164520263672,132.7759808624214,128.2581700274141,129.89737910282292,309320400
2024-06-17,130.91688537597656,133.66556033801308,129.5175660413327,132.92592665460285,288504400
2024-06-18,135.5146484375,136.26428691629846,130.62700616579136,131.0767862027837,294335100
2024-06-20,130.71697998046875,140.69216665961412,129.45759262565218,139.73263779444994,517768400
2024-06-21,126.50899505615234,130.56704338903992,124.2400925137838,127.05873301556976,649445800
2024-06-24,118.0530776977539,124.40001580098117,117.98311173916277,123.1806025577778,476060900
2024-06-25,126.02923583984376,126.43904192857352,119.2625015362155,121.14159285282038,414192600
2024-06-26,126.33909606933594,128.05826088696048,122.54092403749851,126.06922189761302,362975900
2024-06-27,123.93024444580078,126.34908399185862,122.8607604065947,124.04019204451784,252571700
2024-06-28,123.48046875,127.648457456266,122.69084852465332,124.5199685039101,315516700
2024-07-01,124.24010467529295,124.7798377464592,118.77273936918628,123.41050281013467,284885500
2024-07-02,122.6108856201172,123.35053451744282,120.97167651778796,121.07162680437524,218374000
2024-07-03,128.21817016601562,128.21817016601562,121.30150730962696,121.60136576540062,215749000
2024-07-05,125.76936340332033,128.78791231292527,125.61943416430904,127.31861187118912,214176700
2024-07-08,128.13819885253906,130.70696731901708,126.9787619894619,127.42854201917729,237677300
2024-07-09,131.3166961669922,133.7555228326683,128.58800070420872,130.28719371816868,285366600
2024-07-10,134.84500122070312,135.03491211498738,132.35619546389498,133.965420342518,248978600
2024-07-11,127.33861541748048,136.08439171293904,126.98878558577708,135.68459054854569,374782700
2024-07-12,129.177734375,131.85643576222122,127.15870339191848,128.1981955828636,252680500
2024-07-15,128.37811279296875,131.32668826604316,127.11871779694197,130.49708637675548,208326200
2024-07-16,126.29910278320312,128.97780386568002,124.51996185494664,128.3781021800115,214769500
2024-07-17,117.9331283569336,121.79126850169423,116.66374383425097,121.29150949460832,390086200
2024-07-18,121.0316390991211,122.34101295266512,116.50382347473696,121.79127496540796,320979500
2024-07-19,117.8731689453125,121.54139851435872,117.31344125378136,120.29200089882109,217223800
2024-07-22,123.48046875,124.01021213043964,119.8022417845173,120.2920035253006,258068900
2024-07-23,122.53091430664062,124.62990831594026,122.04115259647224,122.72082517670732,173911000
2024-07-24,114.19493103027344,119.89218055655164,113.38532389383316,119.11255773987328,327776900
2024-07-25,112.22589111328124,116.57379332567128,106.24877714220032,112.98552700492492,460067000
2024-07-26,113.0055160522461,116.14400233469152,111.5262335070736,116.13401264402222,293399100
2024-07-29,111.53622436523438,116.2239668309142,111.24637081842914,113.63521853690592,248152100
2024-07-30,103.68000793457033,111.9360213182912,102.4905790463574,111.4662466271242,486833300
2024-07-31,116.9636001586914,118.28296369436076,110.82655987338046,112.84559062727486,473174200
2024-08-01,109.1573715209961,120.1020993651303,106.75852653969832,117.4733618639685,523462300
2024-08-02,107.21829223632812,108.66759790813096,101.32114215166182,103.7099895556254,482027500
2024-08-05,100.40159606933594,103.3601765320247,90.64630432334224,92.01563932136813,552842400
2024-08-06,104.19976043701172,107.65809209854008,100.50154657010994,103.7899543615192,409012100
2024-08-07,98.86233520507812,108.74756823143176,98.64244001125142,107.75803985921162,411440400
2024-08-08,104.91941833496094,105.44916171874117,97.47300376138202,101.9508482967924,391910000
2024-08-09,104.69952392578124,106.54863093775164,103.3801603016259,105.58909444979489,290844200
2024-08-12,108.96746063232422,111.01647580125626,106.20879614847053,106.26876479464012,325559900
2024-08-13,116.08402252197266,116.1739831093698,111.52622277964618,112.38580888904526,312646700
2024-08-14,118.0230941772461,118.54284021234768,114.01502462748074,118.47287425328174,339246400
2024-08-15,122.80079650878906,123.180610648127,117.41339446628128,118.70277375276062,318086700
2024-08-16,124.51996612548828,124.93976189528416,121.12160307679298,121.88123896431732,302589900
2024-08-19,129.93734741210938,129.93734741210938,123.3605167667704,124.22010290586176,318333600
2024-08-20,127.1886749267578,129.81741234204915,125.82932973595076,128.3381146113763,300087400
2024-08-21,128.4380645751953,129.28766098618868,126.59895509298428,127.2586330157018,257883600
2024-08-22,123.68036651611328,130.68699047324503,123.0406755475636,129.95734653679833,376189100
2024-08-23,129.30764770507812,129.53754784197983,125.15965381933412,125.79934477343178,323230300
2024-08-26,126.3990478515625,131.196729770517,124.31005885081004,129.50755712849073,331964700
2024-08-27,128.23817443847656,129.1377346219971,123.82029866993176,124.98974063480068,303134600
2024-08-28,125.5494613647461,128.26815164825356,122.58089157173563,128.05824614963967,448101100
2024-08-29,117.5333251953125,124.37003270157088,116.65375204642189,121.30151255769351,453023300
2024-08-30,119.3124771118164,121.69132742002542,117.1635116938346,119.47239604079388,333751600
2024-09-03,107.9479522705078,116.15399476413344,107.238295351223,115.95409419910476,477155100
2024-09-04,106.15880584716795,113.21540048575886,104.06981688786142,105.35919602273194,372470300
2024-09-05,107.15833282470705,109.5971593888533,104.70951657024186,104.93940145906154,306850700
2024-09-06,102.78044891357422,108.09788494505916,100.90134998938431,107.98793734308131,413638100
2024-09-09,106.41868591308594,106.49864918568731,103.64002700878578,104.8294482794324,273912000
2024-09-10,108.04788970947266,109.34726610485652,104.89940661736314,107.7580285866342,268283700
2024-09-11,116.85365295410156,117.13351677378026,107.36822165058582,109.33727332924734,441422400
2024-09-12,119.0927734375,120.7421209186122,115.33426173002456,116.79368208487448,366052700
2024-09-13,119.05278778076172,119.91244749081416,117.55338237388467,119.03279906427296,238358300
2024-09-16,116.73370361328124,118.13315013570288,114.31466480568342,116.74370178435876,248772300
2024-09-17,115.54417419433594,118.75290839853,114.78448096424104,118.12315326201993,231925900
2024-09-18,113.32505798339844,117.65333558843456,113.17511592459984,115.84405559100924,310318900
2024-09-19,117.82327270507812,119.6125639674696,117.2035157611041,117.30347459042382,293506400
2024-09-20,115.95401763916016,118.57298181753792,115.3442588328446,117.01359501507952,382462400
2024-09-23,116.2139129638672,116.9436192978204,114.814466443239,116.50379891378353,206228500
2024-09-24,120.82209014892578,121.75172180406904,115.33426088161052,116.47380837806097,354966800
2024-09-25,123.4610366821289,124.89047006468223,121.5617884105282,121.97162190060216,284692900
2024-09-26,123.99082946777344,127.61938773200264,121.75171957511898,126.74973749484684,302582900
2024-09-27,121.35187530517578,123.98082995705606,119.21272426875332,123.92085618310573,271009200
2024-09-30,121.39186096191406,121.45183473616017,118.1031642748816,118.26309688166124,226553700
2024-10-01,116.95361328125,122.39145893750027,115.74409392230912,121.72171877480598,302094500
2024-10-02,118.80288696289062,119.33267565347262,115.09435850244638,116.39384623986544,221845900
2024-10-03,122.80130004882812,124.31070361178112,120.29229289145832,120.87206480654892,277118000
2024-10-04,124.87047576904295,124.99043094258552,121.78170440742984,124.89047211115172,243678100
2024-10-07,127.66937255859376,130.58821322989388,124.9004663256647,124.94045138468704,346250200
2024-10-08,132.83731079101562,133.4270732055081,129.36868536610157,130.20834865989482,285722500
2024-10-09,132.597412109375,134.46668122269037,131.32792651292905,134.0568400839603,246191600
2024-10-10,134.75656127929688,134.94648840712318,130.94807393580103,131.8577168886846,242311300
2024-10-11,134.74656677246094,135.72617401836632,133.60701929174726,133.9568713960576,170209500
2024-10-14,138.01527404785156,139.54466630986312,136.24597143489578,136.4159022137037,232347700
2024-10-15,131.54783630371094,138.5150744275185,128.68896947491228,137.8153397242487,377831000
2024-10-16,135.66619873046875,136.56583584893667,131.527840530584,133.92688301499192,264879700
2024-10-17,136.87570190429688,140.83413853249198,136.81572813387166,139.28475003463748,306435900
2024-10-18,137.94529724121094,138.8449343829922,137.22558142668973,138.61502982502418,176090200
2024-10-21,143.6530303955078,143.6530303955078,137.94528751258602,138.07524085271365,264554500
2024-10-22,143.53309631347656,144.36276924192205,141.72381599778203,142.85337309657714,226311600
2024-10-23,139.50466918945312,142.37352650102258,137.40551088320953,141.97369118156848,285930000
2024-10-24,140.35433959960938,141.293969386979,138.40511570705533,140.76418072009866,172354900
2024-10-25,141.48388671875,144.0728716327459,140.74418981710016,140.8741279131319,205122100
2024-10-28,140.4643096923828,143.08326638426843,139.99449475491215,142.9433224828564,173586700
2024-10-29,141.19400024414062,142.20359433012132,138.8449258203989,140.23437413304583,157593600
2024-10-30,139.28475952148438,140.27437255912164,136.75576367804047,139.48467718743143,179418100
2024-10-31,132.70738220214844,137.55546626582213,132.05764589588958,137.54547571977304,270039600
2024-11-01,135.34632873535156,137.25557537634637,134.5166711244238,134.64660922766117,207127800
2024-11-04,135.99607849121094,138.90492874894582,135.51627301400697,137.15562237613318,187528200
2024-11-05,139.8545379638672,140.31434706066804,137.27555894461494,137.39550649112996,160537400
2024-11-06,145.5522918701172,146.4319479858603,141.90374455387283,142.90334822985668,242043900
2024-11-07,148.8209991455078,148.8709671267726,146.1120664908763,146.33198051831096,207323300
2024-11-08,147.5714569091797,149.71060760531262,146.20198985995728,148.71100419118065,175665800
2024-11-11,145.20240783691406,148.7909962143961,143.51309063046196,148.62105018654825,182325600
2024-11-12,148.23118591308594,149.59064718789998,145.952091313065,146.72179022487757,198634700
2024-11-13,146.21202087402344,149.27080540839845,145.84215717514013,149.01091396688446,191903300
2024-11-14,146.7018280029297,148.94094569769402,145.49231611296014,147.5814841067195,194463300
2024-11-15,141.92372131347656,145.18243895947262,140.0244804881745,144.81257523878364,250132900
2024-11-18,140.09442138671875,141.49387540802255,137.09561095173166,139.44468522690033,221205300
2024-11-19,146.95172119140625,147.07168399645053,140.9341184421503,141.26398946372595,227834900
2024-11-20,145.83216857910156,147.5015047606034,142.67341754276418,147.3515703217148,309871700
2024-11-21,146.6118621826172,152.8293979645091,140.64422730754492,149.290807835149,400946600
2024-11-22,141.89373779296875,147.1016796207282,141.0440838257902,145.8721561256333,236406200
2024-11-25,135.96609497070312,141.99370385870768,135.766177287977,141.933730079164,344941900
2024-11-26,136.86570739746094,139.24476857370792,135.61620304064866,137.6453968958927,190287700
2024-11-27,135.2863311767578,137.1655905980091,131.74774157257602,134.95646019838466,226370900
2024-11-29,138.19520568847656,139.29477581313424,135.99608069190262,136.7257870913165,141863200
2024-12-02,138.57504272460938,140.39431322408433,137.76536630294407,138.77496038075373,171682800
2024-12-03,140.20440673828125,140.48429454860658,137.8953246767264,138.2051993772479,164414000
2024-12-04,145.08245849609375,145.73219470186731,140.23437518220274,141.94370396224937,231224300
2024-12-05,145.0124969482422,146.49200804389403,143.9028598130552,145.06248362625453,172621200
2024-12-06,142.3933563232422,145.65228325014007,141.26372149336697,144.5526526293818,188505600
2024-12-09,138.7645263671875,139.90415231737651,137.08508402113657,138.92447761551347,189308600
2024-12-10,135.0257568359375,141.77354545828368,133.74616214517607,138.96445323342698,210020900
2024-12-11,139.2643585205078,140.12407738797447,135.16571086465208,137.31500040642362,184905200
2024-12-12,137.29501342773438,138.39465924672223,135.75552453494274,137.03510407678786,159211400
2024-12-13,134.20602416992188,139.55427778956917,132.4965775973186,138.89449032268433,231514900
2024-12-16,131.95675659179688,134.35596424649526,130.37727237183418,134.13603509853905,237951100
2024-12-17,130.3472900390625,131.54689392732612,126.81844751374322,129.04771280436398,259410300
2024-12-18,128.86778259277344,136.6552244722092,128.23798405143236,133.8161583001621,277444500
2024-12-19,130.63717651367188,133.98608501684748,129.50755712091288,131.7168244915274,209719200
2024-12-20,134.65586853027344,135.2356803497186,128.1779956829599,129.76747112979962,306528600
2024-12-23,139.62423706054688,139.7441928628519,135.07572475974197,136.23534836132282,176053500
2024-12-24,140.174072265625,141.85351466107917,138.60457919611483,139.9541431061549,105157000
2024-12-26,139.8841552734375,140.8038673288582,137.68487898660138,139.65423488647767,116205600
2024-12-27,136.96511840820312,138.97446981750295,134.66588395063462,138.50462254046806,170582600
2024-12-30,137.4449462890625,140.22403398735426,133.97608228188028,134.78581438230358,167734700
2024-12-31,134.2460174560547,138.02479365615312,133.7861766339878,137.98479821279548,155659200
2025-01-02,138.2646942138672,138.8345148325783,134.58590691715995,135.95545329338754,198247200
2025-01-03,144.4226837158203,144.85253555834646,139.68423069189672,139.96413776465596,229322500
2025-01-06,149.38104248046875,152.11015917129038,147.77158452702758,148.5413213081193,265377400
2025-01-07,140.09408569335938,153.07983530547875,139.9641234037018,152.97986196669754,351782200
2025-01-08,140.06410217285156,143.90284057175748,137.51493447299714,142.5332942493383,227349900
2025-01-10,135.86549377441406,139.87417502688794,134.17604480086774,137.40498271998055,207602500
2025-01-13,133.18637084960938,133.44629547754278,129.46758770744978,129.94744151880715,204808900
2025-01-14,131.71682739257812,136.33532416409136,130.00739616366573,136.00543044799826,195590500
2025-01-15,136.1953887939453,136.4053114797544,131.24699764678536,133.60622538989423,185217300
2025-01-16,133.52626037597656,138.70455649670012,133.44628474718112,138.59459191383036,209235600
2025-01-17,137.66490173339844,138.45463626831489,135.41563868932835,136.6452315490251,201188800
2025-01-21,140.78387451171875,141.78354697270905,137.0450940162502,139.1144233323199,197749000
2025-01-22,147.02183532714844,147.74158546149795,143.62293982675305,144.61262104889417,237651400
2025-01-23,147.17178344726562,147.18177468068177,143.67292977388993,145.0024960002277,155915500
2025-01-24,142.5732879638672,148.92121448023644,141.8335400716498,148.32140487495408,234657600
2025-01-27,118.38121032714844,128.3579371600633,116.66177248371496,124.75912547322824,818830900
2025-01-28,128.94775390625,128.95774513931468,116.21192149182428,121.77009783396647,579666400
2025-01-29,123.65947723388672,126.8484347440811,120.01067894543576,126.45856310434584,467120600
2025-01-30,124.6091766357422,124.9590604797062,118.06131881584726,123.05968123503553,392925500
2025-01-31,120.03067016601562,127.80812056780856,119.15096116009845,123.73945402173636,388161100
2025-02-03,116.62179565429688,118.53116613291392,112.9729895620065,114.71241754878405,371235700
2025-02-04,118.6111297607422,121.16028976109212,116.66176403787988,116.92168099297383,256550000
2025-02-05,124.78911590576172,124.95905839472358,120.72044926950534,121.72012173666312,262230800
2025-02-06,128.6378631591797,128.72784528628156,125.16900563533248,127.37828117148048,251483600
2025-02-07,129.79747009277344,130.32729528258605,124.95905898960582,129.17767804139822,228186300
2025-02-10,133.52626037597656,134.955784699492,129.91744211571256,130.04738916543755,216989100
2025-02-11,132.75650024414062,134.43594258561097,130.9770845592916,132.53657109173992,178902400
2025-02-12,131.09706115722656,132.19670709360815,129.03773808890557,129.97743275203294,160278600
2025-02-13,135.24566650390625,136.455276767875,131.12702127315083,131.51689288233604,197430000
2025-02-14,138.8045196533203,139.20438251414282,135.45561099221797,136.43528567888637,195479600
2025-02-18,139.35433959960938,143.3930250185803,137.8848198127303,141.22373753647113,219176600
2025-02-19,139.18438720703125,141.3136943495984,137.17505112782226,139.46429426521587,167536000
2025-02-20,140.06410217285156,140.61392504988532,136.74518244514988,139.98412654948388,143903600
2025-02-21,134.38595581054688,141.41366694156105,133.98609294492073,139.99411868487,228217600
2025-02-24,130.23733520507812,138.544611438826,130.03740375103862,136.51527743543022,251381100
2025-02-25,126.5885238647461,130.1573543264651,124.39924631174092,129.93742515974864,271428700
2025-02-26,131.23699951171875,133.68619399137987,128.44792005609298,129.9474287481865,322553800
2025-02-27,120.11064910888672,134.96577503505506,119.97069557287364,134.9557838016939,443175800
2025-02-28,124.87907409667967,125.04901657384264,116.3618686236696,117.98133302681435,389091100
2025-03-03,114.02263641357422,123.65947815441596,112.2432206852501,123.46954557652552,411381400
2025-03-04,115.9520034790039,119.27091565466138,110.07393231302608,110.61375634258968,398163300
2025-03-05,117.2615737915039,118.24124845757764,114.47248692259636,117.54148083895356,284337900
2025-03-06,110.53378295898438,115.31221606989396,110.18389912538346,113.49281250827369,321181900
2025-03-07,112.65309143066406,113.44283358559466,107.52476685365718,111.21356065439608,341755500
2025-03-10,106.94496154785156,111.81336147496827,105.42545516002184,109.86400325750408,366487400
2025-03-11,108.72437286376952,112.2032285608424,104.73567447790636,106.95494843650206,354865700
2025-03-12,115.71273040771484,116.73249437499013,112.85340359157787,114.09311694895555,323857500
2025-03-13,115.55277252197266,117.73225924433854,113.76319330991836,117.0024278677365,299033100
2025-03-14,121.6413345336914,121.85128414551468,118.12216714928688,118.5820578648422,277593500
2025-03-17,119.50183868408205,122.86104771124882,118.00219206936818,122.711081524258,255501500
2025-03-18,115.40280151367188,118.99195194008684,114.51301183473794,117.97219563901088,299686900
2025-03-19,117.49230194091795,120.42161176372424,115.65273921562084,117.24236085578976,273426200
2025-03-20,118.50206756591795,120.17167220516042,116.4425554391302,116.52253841801044,248829700
2025-03-21,117.6722640991211,117.9621966837067,115.39280254041712,116.91244866461768,266498500
2025-03-24,121.38140106201172,122.19120779583362,119.31188140429414,119.8517551027078,228452500
2025-03-25,120.66156768798828,121.26142480153008,118.89198043130344,120.5216012824151,167447200
2025-03-26,113.7332000732422,118.81199741904776,112.68344440410922,118.70203035263673,293463300
2025-03-27,111.40375518798828,114.42304053099558,110.6339399022949,111.32377219977148,236902100
2025-03-28,109.6441650390625,112.84341584506376,109.04430789656143,111.4637360269542,229872500
2025-03-31,108.35446166992188,110.9338556226425,103.6255803841977,105.10522740758996,299212700
2025-04-01,110.12405395507812,110.17403760023085,106.4449205320371,108.49443304563393,222614000
2025-04-02,110.39398193359376,111.95361956622256,106.76483994973236,107.26472214391916,220601200
2025-04-03,101.7760238647461,105.60511590388695,101.57606639857327,103.48562015563714,338769400
2025-04-04,94.28778076171876,100.1064094274434,92.08830207120737,98.88670323249266,532273800
2025-04-07,97.61699676513672,101.72602911656392,86.59959627985899,87.43939472630683,611041300
2025-04-08,96.27731323242188,105.82505852328022,94.43774279946976,103.78553826456236,476243400
2025-04-09,114.30306243896484,115.07287764897656,97.5070179445592,98.86669810018236,612918300
2025-04-10,107.5446548461914,110.83388059600858,99.1266405350102,109.34423379452804,437812400
2025-04-11,110.90386199951172,111.52371865557488,107.45467796999776,108.47443427245337,313417300
2025-04-14,110.68391418457033,114.2630725146749,109.04430120283688,114.08311462021162,264705000
2025-04-15,112.1735610961914,113.5932323217664,110.47396469045395,110.94385517244878,228966900
2025-04-16,104.46538543701172,106.7648467272822,100.4263361362673,104.52537649088836,397016900
2025-04-17,101.46607971191406,104.44538077133734,100.02642426353728,104.4253812132841,292517500
2025-04-21,96.88717651367188,99.41657935183264,95.01761424618036,98.74673137333838,288501100
2025-04-22,98.86669921875,99.78648062043172,97.2570779520085,98.75672452641882,241004800
2025-04-23,102.68579864501952,104.77531016741209,101.99595878138034,104.4953697335839,247526000
2025-04-24,106.40492248535156,106.51489717654988,103.08570507328524,103.45562063709752,220815000
2025-04-25,110.98385620117188,111.8936379045766,105.70510100806126,106.8248323353286,251064700
2025-04-28,108.7043914794922,110.34400455936344,105.9950231207954,109.66416443154382,207708500
2025-04-29,108.99430847167967,110.1740307356611,107.41468656100368,107.64462809509338,170444300
2025-04-30,108.8943328857422,108.8943328857422,104.0554770168086,104.44538450923936,235044600
2025-05-01,111.58370208740234,114.91291927434725,111.27377757314032,113.05335693358144,236121500
2025-05-02,114.47303009033205,115.37281962529518,113.34329900218786,114.15310576985596,190194800
2025-05-05,113.79318237304688,114.64298057759626,112.63345964895048,112.88340074602954,133163200
2025-05-06,113.51325988769533,114.7129742117387,110.7938992837595,111.4537475013017,158525600
2025-05-07,117.0324249267578,117.65228163619798,112.25355204144066,113.02337494499028,206758800
2025-05-08,117.34236145019533,118.65205049698932,115.82271514729749,118.22215145930612,198428100
2025-05-09,116.62252044677734,118.20215005190204,115.18285724943864,117.32235248570746,132972200
2025-05-12,122.97102355957033,122.97102355957033,120.25166311897564,121.94126742822684,225023300
2025-05-13,129.89938354492188,131.18908818741485,124.44067836400951,124.95056035306072,330430100
2025-05-14,135.30810546875,135.4080880073059,131.6489642323906,133.16861033831793,281180800
2025-05-15,134.79823303222656,136.2678878895653,132.6287461607251,134.258351724734,226632600
2025-05-16,135.36810302734375,136.31789147723805,133.42857277146337,136.18791721457987,226542500
2025-05-19,135.53805541992188,135.83797251007488,132.35879696756518,132.35879696756518,193154600
2025-05-20,134.34835815429688,134.5483080029045,132.58876287408052,134.2583677555072,161514200
2025-05-21,131.76895141601562,137.36762292180558,130.55922977564506,133.02864907239967,270608700
2025-05-22,132.7987060546875,134.21836966107523,131.5190088530086,132.19884131725317,187344000
2025-05-23,131.25906372070312,132.6487356514494,129.12957588399638,129.96937433382988,198821300
2025-05-27,135.4680633544922,135.6280293045703,133.27857708527512,134.1183754403962,192953600
2025-05-28,134.7782440185547,137.2176717346689,134.75824445795843,135.9979578766118,304021100
2025-05-29,139.15721130371094,143.45620133736625,137.87751407348716,142.21648797143945,369241900
2025-05-30,135.09817504882812,139.58710766728817,132.88868890141003,138.6873257641086,333170900
2025-06-02,137.34764099121094,138.08745689917103,135.36809645457458,135.45808684638126,197663100
2025-06-03,141.1867218017578,141.9665367692297,137.91748812723765,138.74729436292043,225578800
2025-06-04,141.88656616210938,142.3564566649135,139.5071219355859,142.15650682982962,167120800
2025-06-05,139.95703125,143.96608121416313,138.79730082341692,142.13651043477643,231397900
2025-06-06,141.6865997314453,143.23623746842864,141.47664251332282,142.4764068268356,153986200
2025-06-09,142.59640502929688,144.96584183837217,141.9065651342004,143.15627066728982,185114500
2025-06-10,143.92608642578125,144.25599524562207,141.4966510569608,142.65638139553192,155881900
2025-06-11,142.80625915527344,144.96590375929992,141.84641202362192,144.5859620448177,167694000
2025-06-12,144.9759063720703,144.9759063720703,141.82643588786814,141.94641106631286,162365000
2025-06-13,141.94639587402344,143.556128789635,140.8265869783813,142.4563055840922,180820600
2025-06-16,144.66595458984375,146.1556971839991,143.1761967394354,143.32618096280035,183133700
2025-06-17,144.09603881835938,145.1958620737219,143.75609899624828,144.46598768948277,139108000
2025-06-18,145.455810546875,145.62578045463974,143.0962022725339,143.9860537050978,161494100
2025-06-20,143.8260955810547,146.17569581398777,142.6262828381709,145.42582047781178,242956200
2025-06-23,144.1460418701172,144.7559411184857,142.00639807778802,142.47632119978937,154308900
2025-06-24,147.8754119873047,147.9354148301798,145.4758169849003,145.53580457152245,187566100
2025-06-25,154.28436279296875,154.4243389252029,149.23519867353343,149.24520677628502,269146500
2025-06-26,154.99423217773438,156.69394650127538,153.97439748110884,155.95406403411533,198145700
2025-06-27,157.72378540039062,158.68363258213975,155.23419369167684,156.01406285223712,263234500
2025-06-30,157.96376037597656,158.6336472456001,155.93409881773164,158.37368067249696,194580300
2025-07-01,153.2745361328125,157.17388214393176,151.46483925954294,156.26402965591922,213143600
2025-07-02,157.22386169433594,157.57380961936815,152.94457434216997,152.9545671877056,171224100
2025-07-03,159.3135223388672,160.95324924613055,157.74379112425564,158.34368228178877,143716100
2025-07-07,158.21371459960938,159.28352889047815,157.31385497697042,158.17371270193448,140139000
2025-07-08,159.97341918945312,160.19338386133896,158.36368604860908,159.3035323273478,138133000
2025-07-09,162.85293579101562,164.39267314506114,161.13322041798892,161.1932080055649,183656400
2025-07-10,164.07273864746094,164.4726660794993,161.5831469026993,164.29270331195812,167704100
2025-07-11,164.89259338378906,167.862101078866,163.44283738179527,163.6927958392512,193633300
2025-07-14,164.04273986816406,165.4625020418882,161.99307751467913,165.3425116109199,136975800
2025-07-15,170.671630859375,172.37134531045626,169.17188012202328,171.1615549258278,230627400
2025-07-16,171.34152221679688,171.72146396229547,168.87193138356372,171.03157616389174,158831500
2025-07-17,172.97125244140625,174.13106334471073,170.80161486292053,171.99141956059896,160841100
2025-07-18,172.38136291503906,174.22105359276725,171.23154479926822,173.61115431570738,146456400
2025-07-21,171.35153198242188,173.35119970444802,170.97159023323564,172.72129949000853,123126100
2025-07-22,167.00225830078125,171.36153479867312,164.55266825003173,171.31154005146294,193114300
2025-07-23,170.75161743164062,171.23153339032083,167.94208685699226,169.5018251648929,154082200
2025-07-24,173.7111358642578,173.80111724784433,171.27153886755505,172.41134882841166,128984600
2025-07-25,173.47117614746094,174.69097468726906,172.9312725713388,173.58115848322245,122316800
2025-07-28,176.7206268310547,176.97058528484683,173.94109004538618,173.99108478739527,140023500
2025-07-29,175.48085021972656,179.350217961682,174.99094135061006,177.93045559033015,154077500
2025-07-30,179.24021911621094,179.86011122312902,176.01074478620916,176.48066791766442,174312200
2025-07-31,177.84043884277344,183.2695444846075,175.9007587673991,182.86960179799485,221685400
2025-08-01,173.69113159179688,176.51065501732398,170.86160006411595,174.06106522140863,204529000
2025-08-04,179.9700927734375,180.170056491935,174.49100755408614,175.1309006070304,148174600
2025-08-05,178.23037719726562,180.23004490386853,175.87076869322405,179.59015184800575,156407600
2025-08-06,179.3901824951172,179.87009845787975,176.22071111043454,176.30069964693718,137192300
2025-08-07,180.73995971679688,183.84944343505217,178.77028591662776,181.53982980547644,151878400
2025-08-08,182.6696319580078,183.26953833968557,180.3700111699138,181.51982919208731,123396700
2025-08-11,182.0297393798828,183.8094423252684,180.2200426409657,182.01974653412333,138323200
2025-08-12,183.1295623779297,184.44933506001817,179.4301803710301,182.9295986692803,145485700
2025-08-13,181.559814453125,183.9394237577968,179.3201965252013,182.5896420373941,179871700
2025-08-14,181.98974609375,182.98957985829236,179.43017409752198,179.72011917648817,129554000
2025-08-15,180.4200134277344,181.86976944489336,178.01041021115256,181.84978375259033,156602200
2025-08-18,181.979736328125,182.9095896538983,180.55997422620712,180.56998232776263,132008000
2025-08-19,175.61080932617188,182.46966985536903,175.46084035755914,182.39967416584764,185229200
2025-08-20,175.370849609375,175.9707560164781,168.77195541250927,175.1408920976954,215142700
2025-08-21,174.95091247558594,176.87059152353538,173.78110877087863,174.8209444570093,140040900
2025-08-22,177.96043395996094,178.56032512128596,171.17155351749952,172.58132291943235,172789400
2025-08-25,179.78012084960938,181.87977802218637,176.54066896263805,178.3203719824875,163012800
2025-08-26,181.7397918701172,182.359683936518,178.7802771456414,180.03006938032237,168688200
2025-08-27,181.56982421875,182.45967569067753,179.07023971825097,181.94975068857377,235518900
2025-08-28,180.1400604248047,184.43934897141472,176.3806906932069,180.7899615720414,281787800
2025-08-29,174.1510467529297,178.12038822306508,173.12121914292007,178.08040158317536,243257900
2025-09-02,170.75161743164062,172.351357635579,167.19221149694363,169.9717482776903,231164900
2025-09-03,170.59165954589844,172.3813708166661,168.851958278929,171.03158891427162,164424900
2025-09-04,171.63148498535156,171.83144870716828,169.381858788342,170.54166973363456,141670100
2025-09-05,166.9922637939453,169.0019244592772,164.04275681292185,168.00209055003162,224441400
2025-09-08,168.2820281982422,170.93159698121408,167.32219627229085,167.5221599855096,163769100
2025-09-09,170.7316131591797,170.95157781434446,166.71229229208453,169.0618925540675,157548400
2025-09-10,177.300537109375,179.26020289704138,175.44084555219968,176.61064931709572,226852000
2025-09-11,177.1505584716797,180.26021784214308,176.4606317396978,179.66027757334626,151159300
2025-09-12,177.80047607421875,178.5803891806412,176.43061617633268,177.75047851465564,124911000
2025-09-15,177.73048400878906,178.830369337568,174.49083425075145,175.6507105507158,147061600
2025-09-16,174.86080932617188,177.4805168617991,174.36086420825131,176.98057174387853,140737800
2025-09-17,170.27130126953125,173.18098551277336,168.39151800406466,172.62104942275718,211843800
2025-09-18,176.2206573486328,177.08056354559588,172.9410186572187,173.96089569350613,191763300
2025-09-19,176.6505889892578,178.06043774665943,175.16074718989944,175.7506939671915,237182100
2025-09-22,183.58984375,184.52974299714737,174.69082690233378,175.28075846993005,269637000
2025-09-23,178.410400390625,182.3999677661597,176.19065819152993,181.95002022927713,192559600
2025-09-24,176.9505615234375,179.76025041106172,175.38072666046574,179.75025700209653,143564100
2025-09-25,177.67050170898438,180.2402117285651,173.11100459099512,174.4608472798892,191586700
2025-09-26,178.17044067382812,179.750269051669,174.91078879333958,178.15043859744398,148573700
2025-09-29,181.83004760742188,183.97980553666213,180.30021674934375,180.41019002973695,193063500
2025-09-30,186.55950927734375,187.32942897828707,181.4600633204032,182.06000352373024,236981000
2025-10-01,187.21945190429688,188.11934700723293,183.87980694521147,185.21967144700423,173844900
2025-10-02,188.8692626953125,191.0290292282152,188.0393519833977,189.57919146332628,136805800
2025-10-03,187.59939575195312,190.33910041164867,185.35965145286303,189.1692307003317,137596900
2025-10-06,185.5196228027344,187.2094396983396,183.3098739831843,185.4796339074747,157678100
2025-10-07,185.01968383789065,189.03924688644503,183.97980469837793,186.2095556681108,140088000
2025-10-08,189.0892333984375,189.57918508139647,186.51950830089396,186.5495190429729,130168900
2025-10-09,192.54885864257812,195.27855455286465,191.039014711271,192.20888438710807,182997200
2025-10-10,183.139892578125,195.59851591827857,182.03001384654092,193.4887469873255,268774400
2025-10-13,188.29933166503903,190.089128427756,185.93959015922437,187.9493639887039,153482800
2025-10-14,180.01022338867188,184.77970370013512,179.6802578066599,184.74970821605345,205641400
2025-10-15,179.8102569580078,184.84969686580231,177.2705272995106,184.7797124853219,214450500
2025-10-16,181.7900390625,183.2598789113643,179.75026972003684,182.20999112544493,179723300
2025-10-17,183.19989013671875,184.07979842608083,179.7302697995737,180.1602152773484,173135200
2025-10-20,182.6199493408203,185.1796658652692,181.7100455780644,183.10990104163824,128544700
2025-10-21,181.14010620117188,182.76991679751697,179.7802549646251,182.76991679751697,124240200
2025-10-22,180.2602081298828,183.4198648953589,176.74059027394597,181.12011433169937,162249600
2025-10-23,182.13999938964844,183.0098989665471,179.7702492811968,180.4001849787377,111363700
2025-10-24,186.23953247070312,187.44940625639555,183.47984116964935,183.81980015643103,131296700
2025-10-27,191.4689788818359,191.97891738858848,188.4093020699799,189.9691435897376,153452700
2025-10-28,201.0079345703125,203.12769700573313,191.8889404255143,193.0288146936141,297986200
2025-10-29,207.01727294921875,212.1667169482571,204.7575264516481,207.95717223581016,308829600
2025-10-30,202.8677215576172,206.13736677538768,201.38788833732997,205.12746791137428,178864400
2025-10-31,202.4677734375,207.94716749796044,202.04782138155983,206.42733011185777,179802200
2025-11-03,206.85728454589844,211.31678618801203,205.5374221898275,208.05714970598171,180267300
2025-11-04,198.66818237304688,203.9476013046771,197.90825607143535,202.9777066091775,188919300
2025-11-05,195.18858337402344,202.89772869539195,194.6286320152979,198.7481902403631,171350300
2025-11-06,188.05935668945312,197.59830279082223,186.35954634625867,196.39843756369172,223029800
2025-11-07,188.1293487548828,188.29934352754728,178.8903723972709,184.87970536775757,264942300
2025-11-10,199.0281524658203,199.91805415635875,193.76872011438095,195.08858253564551,198897100
2025-11-11,193.1387939453125,195.3985402959953,191.2789975702345,195.1385743375635,176483300
2025-11-12,193.7787322998047,195.86849924763865,191.1090271797132,195.6985197370464,154935300
2025-11-13,186.8394775390625,191.4189763426968,183.82981362374773,191.02901978717685,207423100
2025-11-14,190.1491241455078,190.9890282811404,180.56018045425049,182.8399289693184,186591900
2025-11-17,186.5795135498047,188.9792438771453,184.29976516169708,185.9495778546046,173628900
2025-11-18,181.340087890625,184.7797126313021,179.6302689297591,183.3598703733926,213598900
2025-11-19,186.49951171875,187.8393608341106,182.8099146900153,184.76969080502667,247246400
2025-11-20,180.6201629638672,195.97847686300787,179.83025642841662,195.92847930218133,343504800
2025-11-21,178.86036682128906,184.5397359279593,172.91100782704066,181.22010834266524,346926200
2025-11-24,182.52996826171875,183.4798609481747,176.4606271183833,179.47030653663683,256618300
2025-11-25,177.80047607421875,178.14043506786686,169.53138015579162,174.89079203873564,320600300
2025-11-26,180.24020385742188,182.8899220695924,178.22043661727494,181.6100638206842,183852000
2025-11-28,176.98056030273438,179.2703020816569,176.48061521713345,178.99033405428943,121332800
2025-12-01,179.90025329589844,180.2802164760195,173.66093259662904,174.7408159055669,188131000
2025-12-02,181.44007873535156,185.63961443898967,179.98023235974816,181.7400335835938,182632200
2025-12-03,179.57028198242188,182.4299686383783,179.09033894604931,181.06012391136443,165138000
2025-12-04,183.37008666992188,184.51002440204857,179.95027347354184,181.61017209543593,167364900
2025-12-05,182.4001312255859,184.6500094505641,180.9002124089338,183.88004685245295,143971100
2025-12-08,185.5399627685547,187.98982714518385,182.39012406320575,182.6301165694494,204378100
2025-12-09,184.95999145507812,185.7099508683659,183.31008684903043,185.5499558649533,144719700
2025-12-10,183.77005004882812,185.46995496958337,182.03013874897007,184.9599880707457,162785400
2025-12-11,180.92019653320312,181.31019006496976,176.61043233199788,180.27023782951787,182136600
2025-12-12,175.01052856445312,182.81010931847595,174.61054106596097,181.10019518559332,204274900
2025-12-15,176.28045654296875,178.4103461991077,175.02053019793698,177.93037643785232,164775600
2025-12-16,177.71038818359375,178.48035080582065,174.8905333961456,176.25046044282257,148588100
2025-12-17,170.93075561523438,176.12047730871902,170.30078481189744,176.0904801521757,222775500
2025-12-18,174.1305694580078,176.14045512074784,171.8107030234881,174.52054772862792,176096000
2025-12-19,180.9802093505859,181.4401759084778,176.3304518785618,176.6604358481607,324925900
2025-12-22,183.6800537109375,184.15002947617,182.34012994783168,183.91003698180788,129064400
2025-12-23,189.19976806640625,189.31975669034463,182.89009670029145,182.96010023623109,174873600
2025-12-24,188.59979248046875,188.899779295176,186.57989753660073,187.92983057380172,65528500
2025-12-26,190.51968383789065,192.67957056140057,187.98982202804387,189.9097162518428,139740300
2025-12-29,188.20980834960935,188.749772392931,185.8999358866866,187.6998414610299,120006100
2025-12-30,187.52984619140625,188.9797799436452,186.91987858592935,188.22982052336857,97687300
2025-12-31,186.4899139404297,190.54969193131708,186.47991997410415,189.55975523635485,120100500
2026-01-02,188.83978271484375,192.91954841717475,188.24980305842183,189.82971935613105,148240500
2026-01-05,188.1098175048828,193.61952916959007,186.1399228646027,191.74961996436147,183529700
2026-01-06,187.22987365722656,192.15959956375175,186.80989821500853,190.50969495089785,176862600
2026-01-07,189.09976196289065,191.35963411085103,186.54989697142676,188.55979791265688,153543200
2026-01-08,185.0299835205078,189.53974931649188,183.7000688940612,189.09977067708235,172457000
2026-01-09,184.84999084472656,186.32990643372668,183.66005283935564,185.06998015284367,131327500
2026-01-12,184.92999267578125,187.1098673607792,183.010098425574,183.2100845491025,137968500
2026-01-13,185.79994201660156,188.0998205983224,183.3900687774691,184.9899882929175,160128900
2026-01-14,183.1300811767578,184.45001701406107,180.79021156477043,184.3100252062831,159586100
2026-01-15,187.03988647460935,189.6897370464893,186.31992419508657,186.4899131697011,206188600
2026-01-16,186.21990966796875,190.4296883714215,186.06992389502736,189.0697614175565,187967200
2026-01-20,178.06036376953125,182.37012791600927,177.60038196777572,181.89014292514364,223345300
2026-01-21,183.31008911132812,185.3699752173061,178.3903418724365,179.04031586008543,200381000
2026-01-22,184.8299865722656,186.1599163788295,183.92003219020145,184.7399951080077,139636600
2026-01-23,187.6598358154297,189.58973923983265,186.8098909978121,187.48984685190615,142748100
2026-01-26,186.4599151611328,189.1097657209082,185.97994539629804,187.1498802806874,124799600
2026-01-27,188.50979614257812,189.9897117301412,185.6899415183402,187.22986667366473,143711600
2026-01-28,191.5096435546875,192.33960048487265,189.82972650403363,191.2596570790159,148552700
2026-01-29,192.49957275390625,193.46952146246272,186.04992498376657,191.32963792417547,171764400
2026-01-30,191.11965942382812,194.47947816452233,189.45974561417185,191.19965692455455,179489500
2026-02-02,185.59996032714844,190.2897090701948,184.87000408758857,187.1898706566695,165794100
2026-02-03,180.33023071289065,186.2599175304879,176.22045266395375,186.22992037566056,204019600
2026-02-04,174.18057250976562,179.57028010697434,171.90069716024271,179.4502914858299,207014100
2026-02-05,171.87069702148438,176.81043194569037,171.020736948564,174.92051964769362,206312900
2026-02-06,185.39996337890625,186.98987361565233,174.59055120100808,176.6804343618602,231346200
2026-02-09,190.0297088623047,193.64952333361757,183.9400420976916,184.25002288009932,196387400
2026-02-10,188.52978515625,192.46957427391544,188.10980972728564,191.36964298604585,136764800
2026-02-11,190.0397186279297,193.2495363765512,188.75978911487715,192.4395826504124,144192700
2026-02-12,186.9298858642578,193.5995230748733,186.49990120030049,193.0195526316072,189932500
2026-02-13,182.80010986328125,187.4898586352177,181.58017462912431,187.4698554447334,161888000
2026-02-17,184.95999145507812,187.1398661592121,179.17029624003743,181.74016448672575,162276900
2026-02-18,187.9698181152344,190.3596881055438,186.7498829478333,188.73978069812657,164749100
2026-02-19,187.88983154296875,188.41980165789556,185.64996245587088,187.04988063530703,126554500
2026-02-20,189.8097381591797,190.3197050755744,185.92994318264132,186.5599139825128,178422300
2026-02-23,191.5396423339844,193.93950641757905,189.56974766836524,191.3896412925324,171584800
2026-02-24,192.83956909179688,193.75951747058733,187.3898518385612,191.47964208446243,175123600
2026-02-25,195.5494079589844,197.61930319203404,193.77949953248776,194.43946745531196,250637100
2026-02-26,184.87998962402344,194.27947461393583,184.31002841741252,194.25948668244985,360807900
2026-02-27,177.180419921875,182.5801217841234,176.3704661683341,181.2401979138715,311636500
2026-03-02,182.4701232910156,183.45008125730604,174.63055110847353,175.00052620838028,209095300
2026-03-03,180.04025268554688,180.8901975001603,176.910417303947,178.4803396065267,178099400
2026-03-04,183.03009033203125,184.69000418349444,180.0502558302461,180.4302401537762,177731200
2026-03-05,183.330078125,184.05004039552568,177.87038204113773,181.1601973472636,198779700
2026-03-06,177.8103790283203,182.7500987288974,176.81043317462274,179.83025866705609,189021900
2026-03-09,182.64010620117188,182.90010189125664,175.55049367782215,176.82042919903367,177213600
2026-03-10,184.760009765625,186.42991760168223,182.0001492933692,182.39012758732315,179118500
2026-03-11,186.02999877929688,187.6199951171875,184.4499969482422,185.91000366210935,145280400
2026-03-12,183.13999938964844,184.94000244140625,181.75,184.0500030517578,155762700
2026-03-13,180.25,186.08999633789065,179.94000244140625,184.9199981689453,160988400
2026-03-16,183.22000122070312,188.8800048828125,181.41000366210935,182.97000122070312,217307400
2026-03-17,181.92999267578125,185.3999938964844,181.67999267578125,185.05999755859375,182497800
2026-03-18,180.3999938964844,183.3800048828125,180.3300018310547,182.47999572753903,156683100
2026-03-19,178.55999755859375,179.97999572753906,175.7899932861328,178.00999450683594,170968500
2026-03-20,172.6999969482422,178.25999450683594,171.72000122070312,178.0,241323500
2026-03-23,175.63999938964844,178.3699951171875,174.75999450683594,177.25999450683594,182836300
2026-03-24,175.1999969482422,176.22000122070312,173.97999572753906,174.8300018310547,147667800
2026-03-25,178.67999267578125,181.22000122070312,176.85000610351562,177.10000610351562,162602100
2026-03-26,171.24000549316406,176.50999450683594,171.13999938964844,176.07000732421875,186152200
2026-03-27,167.52000427246094,170.97000122070312,167.00999450683594,170.0,196212700
2026-03-30,165.1699981689453,169.4499969482422,164.27000427246094,168.77999877929688,185627000
2026-03-31,174.39999389648438,174.6199951171875,166.9600067138672,166.97000122070312,226181300
2026-04-01,175.75,177.3699951171875,174.75,176.0,168132000
2026-04-02,177.38999938964844,177.49000549316406,171.3699951171875,172.17999267578125,143143200
2026-04-06,177.63999938964844,177.7899932861328,175.75999450683594,177.16000366210938,107564300
2026-04-07,178.10000610351562,178.22999572753906,173.66000366210938,175.72999572753906,132534900
2026-04-08,182.0800018310547,185.2599945068359,180.3000030517578,184.5,147732700
2026-04-09,183.91000366210935,184.0800018310547,180.6199951171875,181.83999633789065,116428500
2026-04-10,188.6300048828125,190.0,184.3000030517578,184.30999755859375,160459500
2026-04-13,189.30999755859375,189.66000366210935,185.7400054931641,186.02999877929688,133648200
2026-04-14,196.5099945068359,196.5099945068359,190.77000427246097,190.83999633789065,161307000
2026-04-15,198.8699951171875,200.3999938964844,195.7400054931641,196.5399932861328,185338400
2026-04-16,198.3500061035156,199.8500061035156,195.80999755859375,197.42999267578125,134012900
2026-04-17,201.67999267578125,201.6999969482422,199.27000427246097,199.8999938964844,160324400
2026-04-20,202.05999755859375,202.1699981689453,197.83999633789065,199.97999572753903,119381400
2026-04-21,199.8800048828125,202.75,199.0,202.1300048828125,107945300
2026-04-22,202.5,202.5,199.0,200.9900054931641,107501000
2026-04-23,199.63999938964844,203.8300018310547,197.22000122070312,202.4600067138672,113561800
2026-04-24,208.27000427246097,210.9499969482422,199.80999755859375,199.9600067138672,214134400
2026-04-27,216.61000061035156,216.8300018310547,207.3800048828125,209.6499938964844,187172400
2026-04-28,213.1699981689453,214.72999572753903,208.1999969482422,209.4900054931641,180275400
2026-04-29,209.25,212.72000122070312,207.5800018310547,212.6999969482422,123711800
2026-04-30,199.57000732421875,210.3000030517578,198.6999969482422,209.92999267578125,225239200
2026-05-01,198.4499969482422,203.0,197.1199951171875,201.27999877929688,128647000
2026-05-04,198.47999572753903,201.72999572753903,194.7400054931641,199.5,125368100
2026-05-05,196.5,200.2400054931641,196.02999877929688,199.3000030517578,113406600
2026-05-06,207.8300018310547,208.27000427246097,198.61000061035156,199.88999938964844,188362800
2026-05-07,211.5,214.1999969482422,206.5,208.33999633789065,168307900
2026-05-08,215.1999969482422,217.8000030517578,212.88999938964844,213.02999877929688,136421400
2026-05-11,219.44000244140625,222.3000030517578,213.88999938964844,214.0399932861328,160685800
2026-05-12,220.77999877929688,223.75,214.9199981689453,218.5500030517578,159176600
2026-05-13,225.8300018310547,227.83999633789065,221.57000732421875,224.92999267578125,150405400
2026-05-14,235.7400054931641,236.5399932861328,229.3000030517578,229.8500061035156,180782900
2026-05-15,225.32000732421875,231.5,224.2400054931641,229.7599945068359,180977600
2026-05-18,222.32000732421875,230.0,218.3699951171875,229.8699951171875,146280900
2026-05-19,220.61000061035156,224.47999572753903,217.91000366210935,219.6199951171875,140948200
2026-05-20,223.47000122070312,226.1300048828125,220.5,223.17999267578125,184201600
2026-05-21,219.5099945068359,227.3999938964844,217.92999267578125,222.2899932861328,203381800
2026-05-22,215.3300018310547,221.0099945068359,214.8000030517578,220.8999938964844,168346300
