entry_date,exit_date,entry_price,exit_price,position,pnl,return,exit_reason,gross_pnl,fees,entry_equity
2020-03-31,2020-04-02,102.2143453994,106.30291921537601,0.9985022466300548,3688.4672990514277,0.036884672990514275,take_profit,3994.0089865202244,305.5416874687968,100000.0
2020-04-03,2020-04-07,104.5001409524,101.88763742859,0.9985022466300549,-2895.046197553401,-0.027920619071392965,stop_loss,-2588.329188693251,306.7170088601496,103688.46729905142
2020-04-08,2020-04-14,105.0020108007,109.20209123272801,0.9985022466300548,3717.7323769239524,0.03688467299051425,take_profit,4025.698296615,307.96591969104736,100793.42110149801
2020-04-15,2020-04-17,105.6705189516,109.89733970966401,0.9985022466300548,3854.8597199130454,0.0368846729905143,take_profit,4174.18486184412,319.3251419310746,104511.15347842197
2020-04-20,2020-04-21,110.6723920473,107.90558224611749,0.9985022466300548,-3025.6461747962517,-0.02792061907139294,stop_loss,-2705.0926909219957,320.553483874256,108366.01319833501
2020-04-22,2020-04-27,108.4932108259,105.7808805552525,0.9985022466300548,-2941.168260504944,-0.0279206190713929,stop_loss,-2629.564828345949,311.6034321589951,105340.36702353877
2020-04-28,2020-05-05,109.0093999387,106.2841649402325,0.9985022466300548,-2859.049021878515,-0.0279206190713929,stop_loss,-2556.1457504501695,302.9032714283452,102399.19876303384
2020-05-06,2020-05-13,105.92095156,111.5679189685,0.9985022466300548,4992.717790002159,0.050157828805615076,take_profit,5298.839238298914,306.1214482967554,99540.14974115533
2020-05-14,2020-05-15,113.6730823304,118.22000562361602,0.9985022466300548,3806.329107837269,0.03641274938432871,take_profit,4125.646486797093,319.3173789598236,104532.86753115748
2020-05-18,2020-05-20,115.6270902652,112.74162534142721,0.9638294801510527,-2976.576577397076,-0.027474604480551508,stop_loss,-2660.1864634312315,316.39011396584465,108339.19663899475
2020-05-21,2020-05-29,113.260093051,117.81661439095204,0.9499042970561071,3625.468001376019,0.034409432863917754,take_profit,3934.078291601566,308.6102902255468,105362.62006159767
2020-06-01,2020-06-04,118.5503496233,123.40599187670233,0.8510734852776478,3488.9734986826493,0.032012429621361076,take_profit,3780.62859108368,291.6550924010307,108988.08806297371
2020-06-05,2020-06-05,126.0753099643,122.9234272151925,0.8829970635618742,-2777.1492378409125,-0.02469080538984891,stop_loss,-2482.922876925268,294.22636091564425,112477.06156165636
2020-06-08,2020-06-09,121.9337548321,126.91636935574095,0.859364221029805,3563.9097828655886,0.03248780885389894,take_profit,3859.133495252396,295.22371238680785,109699.91232381544
2020-06-10,2020-06-12,128.0445756333,133.2481680359,0.8477985253125907,3686.860519281532,0.032551086928789566,take_profit,3988.804438422247,301.94391914071525,113263.82210668104
2020-06-15,2020-06-17,134.325226292,139.69823534368,0.9985022466300549,4313.687684676057,0.036884672990514344,take_profit,4671.0207738777,357.3330892016431,116950.68262596258
2020-06-18,2020-06-22,140.2859871749,145.897426661896,0.9985022466300548,4472.796644308533,0.03688467299051427,take_profit,4843.309847654069,370.51320334553594,121264.37031063864
2020-06-23,2020-06-24,144.6508711176,141.03459933966,0.9985022466300548,-3510.6595416652126,-0.02792061907139291,stop_loss,-3138.7210922353265,371.9384494298862,125737.16695494718
2020-06-25,2020-06-29,143.9732825495,149.73221385148,0.9985022466300549,4508.284756711569,0.036884672990514226,take_profit,4881.737689996285,373.4529332847158,122226.50741328199
2020-06-30,2020-07-09,149.2438308575,155.21358409180002,0.9985022466300548,4674.571365711008,0.036884672990514324,take_profit,5061.798988317279,387.22762260627087,126734.79216999357
2020-07-10,2020-07-13,154.5990671864,150.73409050674,0.9985022466300547,-3669.0307816945988,-0.027920619071392927,stop_loss,-3280.3136179656676,388.71716372893127,131409.36353570456
2020-07-14,2020-07-15,153.8157759211,149.9703815230725,0.9985022466300548,-3566.5891708776935,-0.02792061907139296,stop_loss,-3188.72523100375,377.86393987394354,127740.33275400996
2020-07-16,2020-07-22,149.9289621781,146.1807381236475,0.9985022466300549,-3467.0077932534505,-0.027920619071392865,stop_loss,-3099.694048505543,367.31374474790755,124173.74358313228
2020-07-23,2020-07-24,145.5771844551,141.9377548437225,0.9985022466300548,-3370.206789340471,-0.027920619071392868,stop_loss,-3013.148671739357,357.0581176011143,120706.73578987883
2020-07-27,2020-07-29,141.740801983,143.8655548907,0.9985022466300548,1402.1715916649064,0.011950000597499122,signal,1756.2883877028912,354.1167960379847,117336.52900053836
2020-07-30,2020-07-31,142.5886179745,145.0329078198,0.9959229122915872,1669.3453761562464,0.01405898302600981,signal,2027.1498784604548,357.8045023042083,118738.70059220325
2020-08-04,2020-08-05,144.5617495326,146.2769178884,0.9383950148904685,999.6038234025659,0.008301802552839693,signal,1340.5856321189772,340.98180871641125,120408.0459683595
2020-08-07,2020-08-10,150.3282141414,149.7403895813,0.7433445871560255,-623.1071600518287,-0.0051323550132185225,signal,-352.8933421288999,270.21381792292874,121407.64979176206
2020-08-11,2020-08-12,146.9568748886,148.5843395179,0.6881977655899134,669.7958594897759,0.005545377288318105,signal,920.5476380176302,250.7517785278543,120784.54263171024
2020-08-14,2020-08-17,148.2863569736,154.217811252544,0.6862310129511038,3044.440916448014,0.02506654726598012,take_profit,3299.4272585261706,254.98634207815653,121454.33849120002
2020-08-18,2020-08-20,151.3315803894,150.7044069887,0.6778344940234423,-589.6302424076259,-0.004736032314638134,signal,-333.40054220693366,256.2297002006922,124498.77940764805
2020-08-21,2020-08-24,152.832795519,149.0696133832082,0.7058043912479152,-2590.070043309486,-0.020902976582104278,stop_loss,-2315.663874215007,274.40616909447897,123909.14916524042
2020-08-25,2020-08-26,147.3852293813,153.31526153365064,0.68655867238381,3121.437432154234,0.02572915533769469,take_profit,3380.00804781184,258.57061565760574,121319.07912193096
2020-08-27,2020-08-31,150.2640989491,154.4546428027,0.7151638283760285,2199.955923172176,0.017678775242113493,signal,2470.647963789591,270.6920406174148,124440.5165540852
2020-09-02,2020-09-03,152.3854023068,154.2871926888,0.6684714240317835,800.9611442429676,0.006324685375655146,signal,1056.5125239596975,255.5513797167299,126640.47247725737
2020-09-04,2020-09-09,155.7782790299,151.90298925239392,0.8024538112127317,-3104.137131113654,-0.024357361988981602,stop_loss,-2775.2678865566863,328.8692445569677,127441.43362150033
2020-09-10,2020-09-14,151.7364399799,153.0923010876,0.8364565668699661,615.9856905799664,0.004954150588496931,signal,929.3880170743037,313.4023264943372,124337.29649038667
2020-09-15,2020-09-16,150.0252153322,151.5107738495,0.8774717904022429,755.1337696352465,0.006043328806214195,signal,1085.6912472019578,330.5574775667113,124953.28218096663
2020-09-17,2020-09-17,149.8593347734,146.112851404065,0.8613413216224283,-3027.7194682581776,-0.024085256705867208,stop_loss,-2706.946328348841,320.7731399093368,125708.41595060186
2020-09-21,2020-09-22,147.1050992777,147.5983178572,0.8484611576674665,36.20264691027586,0.00029509652250373533,signal,348.99555752915086,312.792910618875,122680.69648234369
