experiment_id,family,lookback_months,variant,source_label,execution_mode,stop_reference,replay_scope,legacy_reference_status,date_start,date_end,price_rows,signal_rows,missing_signal_days,ledger_available,recorded_annualized_return,recorded_sharpe_ratio,annualized_delta_vs_recorded,sharpe_delta_vs_recorded,manifest_path,initial_capital,final_equity,total_return,annualized_return,sharpe_ratio,sortino_ratio,max_drawdown,calmar_ratio,ulcer_index,win_rate,profit_factor,avg_win,avg_loss,num_trades,total_fees,realized_pnl,unrealized_pnl
strict_baseline_24m,strict_baseline,24,legacy_close_daily_reset,tw147_sw63_10d_return_mq0.60_vq0.45_smh++obv++rsi<75+p60>0.96+vix<0.9,legacy_close,daily_reset,frozen_signal_execution_only,near_match_not_exact,2024-05-22,2026-05-22,502,502,0,False,0.2709541632270298,2.408393245371166,-6.577896116688464e-08,-6.38783486994754e-07,research/results/frozen_20260918/historical_replay/strict_baseline_24m/legacy_close_daily_reset/manifest.json,100000.0,161225.34082038398,0.6122534082038398,0.27095409744806864,2.408392606587679,2.792439583241181,-0.029418309624999917,9.210389750531746,0.8322606799304403,0.75,6.642218662033334,3313.53292861018,-1496.5780700130545,32,,,
strict_baseline_24m,strict_baseline,24,corrected_close_daily_reset,tw147_sw63_10d_return_mq0.60_vq0.45_smh++obv++rsi<75+p60>0.96+vix<0.9,close,daily_reset,frozen_signal_execution_only,near_match_not_exact,2024-05-22,2026-05-22,502,502,0,True,0.2709541632270298,2.408393245371166,-0.00035365378168816797,0.0003449754187059284,research/results/frozen_20260918/historical_replay/strict_baseline_24m/corrected_close_daily_reset/manifest.json,100000.0,161136.00118023524,0.6113600118023523,0.27060050944534164,2.4087382207898718,2.792984269207698,-0.029376554240032937,9.21144485613566,0.8303963611860362,0.71875,5.445897271768078,3255.9611478249844,-1527.9005799710458,32,12741.08480314652,61136.001180235224,0.0
strict_baseline_24m,strict_baseline,24,corrected_next_open_entry,tw147_sw63_10d_return_mq0.60_vq0.45_smh++obv++rsi<75+p60>0.96+vix<0.9,next_open,entry,frozen_signal_execution_only,near_match_not_exact,2024-05-22,2026-05-22,502,502,0,True,0.2709541632270298,2.408393245371166,-0.21249630912198425,-1.805716072412144,research/results/frozen_20260918/historical_replay/strict_baseline_24m/corrected_next_open_entry/manifest.json,100000.0,111982.79882314683,0.11982798823146834,0.05845785410504556,0.6026771729590219,0.36856532080053656,-0.15750585401320838,0.3711471835208316,7.315365701219464,0.47058823529411764,1.3724062949335358,2759.9675340383033,-1787.5934289703362,34,11229.827570733794,11982.798823146793,0.0
strict_baseline_36m,strict_baseline,36,legacy_close_daily_reset,tw147_sw63_10d_return_mq0.60_vq0.45_smh++obv++rsi<75+p60>0.96+vix<0.9,legacy_close,daily_reset,frozen_signal_execution_only,matched_within_1e-10,2023-05-22,2026-05-22,754,754,0,False,0.1870727341253477,1.5857336914895943,5.551115123125783e-17,-7.105427357601002e-15,research/results/frozen_20260918/historical_replay/strict_baseline_36m/legacy_close_daily_reset/manifest.json,100000.0,167047.85348311838,0.6704785348311837,0.18707273412534775,1.5857336914895872,1.3242699592291198,-0.13320632685928668,1.4043832491752677,4.444718298835391,0.6296296296296297,3.1669149982089335,3320.510294674696,-1782.4499565474507,54,,,
strict_baseline_36m,strict_baseline,36,corrected_close_daily_reset,tw147_sw63_10d_return_mq0.60_vq0.45_smh++obv++rsi<75+p60>0.96+vix<0.9,close,daily_reset,frozen_signal_execution_only,matched_within_1e-10,2023-05-22,2026-05-22,754,754,0,True,0.1870727341253477,1.5857336914895943,0.00957118719395661,0.022415495579599876,research/results/frozen_20260918/historical_replay/strict_baseline_36m/corrected_close_daily_reset/manifest.json,100000.0,171110.258639453,0.7111025863945302,0.1966439213193043,1.6081491870691942,1.3890421440077991,-0.1330177303055956,1.47832864737305,4.4347838075525,0.6111111111111112,2.760422201494767,3378.9128700801493,-1923.5174320567535,54,20970.44322290759,71110.25863945314,0.0
strict_baseline_36m,strict_baseline,36,corrected_next_open_entry,tw147_sw63_10d_return_mq0.60_vq0.45_smh++obv++rsi<75+p60>0.96+vix<0.9,next_open,entry,frozen_signal_execution_only,matched_within_1e-10,2023-05-22,2026-05-22,754,754,0,True,0.1870727341253477,1.5857336914895943,-0.19678109295816232,-1.6161325735935181,research/results/frozen_20260918/historical_replay/strict_baseline_36m/corrected_next_open_entry/manifest.json,100000.0,97123.1961751145,-0.028768038248854988,-0.009708358832814623,-0.030398882103923726,-0.0191023085814048,-0.17778192828644057,-0.054608243517151,11.639906243609696,0.4482758620689655,0.9545932094571559,2326.1324194577323,-1979.8827103370818,58,16516.320752681833,-2876.803824885582,0.0
strict_baseline_60m,strict_baseline,60,legacy_close_daily_reset,tw147_sw63_10d_return_mq0.60_vq0.45_smh++obv++rsi<75+p60>0.96+vix<0.9,legacy_close,daily_reset,frozen_signal_execution_only,matched_within_1e-10,2021-05-24,2026-05-22,1256,1256,0,False,0.1540145250634745,1.240346610377684,8.326672684688674e-17,4.6629367034256575e-15,research/results/frozen_20260918/historical_replay/strict_baseline_60m/legacy_close_daily_reset/manifest.json,100000.0,204206.1865022411,1.042061865022411,0.15401452506347457,1.2403466103776886,1.0097813920604077,-0.13320606794158396,1.1562125317820802,4.971794379835583,0.5698924731182796,2.3192637596030994,4095.8172856118313,-2339.9485638340693,93,,,
strict_baseline_60m,strict_baseline,60,corrected_close_daily_reset,tw147_sw63_10d_return_mq0.60_vq0.45_smh++obv++rsi<75+p60>0.96+vix<0.9,close,daily_reset,frozen_signal_execution_only,matched_within_1e-10,2021-05-24,2026-05-22,1256,1256,0,True,0.1540145250634745,1.240346610377684,0.00400714430946944,-0.010013365524866202,research/results/frozen_20260918/historical_replay/strict_baseline_60m/corrected_close_daily_reset/manifest.json,100000.0,207764.84046233137,1.077648404623314,0.15802166937294393,1.2303332448528177,1.0047753852855335,-0.133017471310652,1.1879767959495828,5.048300783674274,0.5591397849462365,2.025889522134007,4092.502098399257,-2562.079723278778,93,39362.384574940836,107764.84046233149,0.0
strict_baseline_60m,strict_baseline,60,corrected_next_open_entry,tw147_sw63_10d_return_mq0.60_vq0.45_smh++obv++rsi<75+p60>0.96+vix<0.9,next_open,entry,frozen_signal_execution_only,matched_within_1e-10,2021-05-24,2026-05-22,1256,1256,0,True,0.1540145250634745,1.240346610377684,-0.1604981859718946,-1.263687188465248,research/results/frozen_20260918/historical_replay/strict_baseline_60m/corrected_next_open_entry/manifest.json,100000.0,96809.93086961865,-0.031900691303813455,-0.006483660908420119,-0.023340578087564273,-0.013471587220738537,-0.20840397957900458,-0.031111022551093874,16.39596703582407,0.44,0.9595444993860301,3439.2595683285253,-2816.206415486031,50,16371.671029363331,-3190.069130381317,0.0
default_model_24m,default_model,24,legacy_close_daily_reset,historical_default_summary,legacy_close,daily_reset,frozen_signal_execution_only,near_match_not_exact,2024-07-24,2026-07-24,502,501,1,False,0.03191969792968696,0.29934378861648886,2.4536663012497684e-07,1.7124271010637848e-06,research/results/frozen_20260918/historical_replay/default_model_24m/legacy_close_daily_reset/manifest.json,100000.0,106459.32546791577,0.06459325467915766,0.03191994329631709,0.2993455010435899,0.2039375684077407,-0.1747095383165469,0.1827029228277339,8.71006754620588,0.6097560975609756,1.3671102565149305,2005.1739739469665,-2291.7568786873617,41,,,
default_model_24m,default_model,24,corrected_close_daily_reset,historical_default_summary,close,daily_reset,frozen_signal_execution_only,near_match_not_exact,2024-07-24,2026-07-24,502,501,1,True,0.03191969792968696,0.29934378861648886,0.002587873150875497,0.017351387727669365,research/results/frozen_20260918/historical_replay/default_model_24m/corrected_close_daily_reset/manifest.json,100000.0,106991.78001574066,0.06991780015740656,0.03450757108056246,0.3166951763441582,0.21735208987246124,-0.17447425802218375,0.1977802999235277,8.690083331491422,0.5121951219512195,1.1748599003362346,2236.9914038312645,-1999.251973235796,41,14067.2260477941,6991.780015740627,0.0
default_model_24m,default_model,24,corrected_next_open_entry,historical_default_summary,next_open,entry,frozen_signal_execution_only,near_match_not_exact,2024-07-24,2026-07-24,502,501,1,True,0.03191969792968696,0.29934378861648886,-0.04660228809297284,-0.3711001931633237,research/results/frozen_20260918/historical_replay/default_model_24m/corrected_next_open_entry/manifest.json,100000.0,97096.43753050195,-0.029035624694980555,-0.01468259016328588,-0.07175640454683485,-0.0502801260668161,-0.15557669236643024,-0.09437525595867492,8.440647788081655,0.5,0.9396382883098358,2152.340797980213,-2290.605677480122,42,13187.35895085231,-2903.5624694980834,0.0
