Date,position,direction,prob_up,prob_down,confidence,expected_return
2020-03-30,0.8285053945550231,1.0,0.631679802520923,0.36832019747907696,0.631679802520923,0.0
2020-03-31,0.8285053945550231,1.0,0.6533222275917254,0.3466777724082746,0.6533222275917254,0.0
2020-04-01,0.8285053945550231,1.0,0.6404840393853471,0.35951596061465285,0.6404840393853471,0.0
2020-04-02,0.8285053945550231,1.0,0.6564176708178783,0.3435823291821217,0.6564176708178783,0.0
2020-04-03,0.8285053945550231,1.0,0.6580129417322497,0.34198705826775033,0.6580129417322497,0.0
2020-04-06,0.8285053945550231,1.0,0.6666724142429149,0.3333275857570851,0.6666724142429149,0.0
2020-04-07,0.8285053945550231,1.0,0.6524605820901713,0.3475394179098287,0.6524605820901713,0.0
2020-04-08,0.8285053945550231,1.0,0.6528095852300301,0.3471904147699699,0.6528095852300301,0.0
2020-04-09,0.8285053945550231,1.0,0.6623613105476903,0.3376386894523097,0.6623613105476903,0.0
2020-04-13,0.8285053945550231,1.0,0.6508566213191833,0.3491433786808167,0.6508566213191833,0.0
2020-04-14,0.8285053945550231,1.0,0.6681204041576374,0.3318795958423626,0.6681204041576374,0.0
2020-04-15,0.8285053945550231,1.0,0.6784173939528652,0.32158260604713484,0.6784173939528652,0.0
2020-04-16,0.8285053945550231,1.0,0.6565918981877961,0.34340810181220394,0.6565918981877961,0.0
2020-04-17,0.8285053945550231,1.0,0.6493811969657395,0.3506188030342605,0.6493811969657395,0.0
2020-04-20,0.8285053945550231,1.0,0.6804769001051006,0.31952309989489935,0.6804769001051006,0.0
2020-04-21,0.8285053945550231,1.0,0.6601868905275865,0.3398131094724135,0.6601868905275865,0.0
2020-04-22,0.8285053945550231,1.0,0.6452788451139129,0.35472115488608713,0.6452788451139129,0.0
2020-04-23,0.8285053945550231,1.0,0.6542815270686,0.3457184729314,0.6542815270686,0.0
2020-04-24,0.8285053945550231,1.0,0.669679174514326,0.330320825485674,0.669679174514326,0.0
2020-04-27,0.8285053945550231,1.0,0.6695318449172944,0.33046815508270555,0.6695318449172944,0.0
2020-04-28,0.8285053945550231,1.0,0.6619892538073355,0.33801074619266447,0.6619892538073355,0.0
2020-04-29,0.8285053945550231,1.0,0.6701145977742254,0.32988540222577456,0.6701145977742254,0.0
2020-04-30,0.8285053945550231,1.0,0.6543017612810527,0.34569823871894734,0.6543017612810527,0.0
2020-05-01,0.8285053945550231,1.0,0.6567156837891106,0.3432843162108894,0.6567156837891106,0.0
2020-05-04,0.8285053945550231,1.0,0.6830177013512614,0.3169822986487386,0.6830177013512614,0.0
2020-05-05,0.8285053945550231,1.0,0.6980053663625737,0.3019946336374263,0.6980053663625737,0.0
2020-05-06,0.8285053945550231,1.0,0.6884534662321897,0.3115465337678103,0.6884534662321897,0.0
2020-05-07,0.8285053945550231,1.0,0.6735812769137745,0.32641872308622555,0.6735812769137745,0.0
2020-05-08,0.8285053945550231,1.0,0.6691901689924756,0.33080983100752437,0.6691901689924756,0.0
2020-05-11,0.8285053945550231,1.0,0.6791309224538876,0.3208690775461124,0.6791309224538876,0.0
2020-05-12,0.8285053945550231,1.0,0.6746972566373748,0.3253027433626252,0.6746972566373748,0.0
2020-05-13,0.8285053945550231,1.0,0.6419125373111604,0.3580874626888396,0.6419125373111604,0.0
2020-05-14,0.8285053945550231,1.0,0.6067080249108003,0.39329197508919966,0.6067080249108003,0.0
2020-05-15,0.8285053945550231,1.0,0.627247880244345,0.37275211975565503,0.627247880244345,0.0
2020-05-18,0.8285053945550231,1.0,0.6286291983521297,0.3713708016478703,0.6286291983521297,0.0
2020-05-19,0.8285053945550231,1.0,0.6200365263251622,0.37996347367483785,0.6200365263251622,0.0
2020-05-20,0.8285053945550231,1.0,0.6267000703688642,0.3732999296311358,0.6267000703688642,0.0
2020-05-21,0.8285053945550231,1.0,0.6446357107357267,0.3553642892642733,0.6446357107357267,0.0
2020-05-22,0.8285053945550231,1.0,0.6209306111334826,0.3790693888665174,0.6209306111334826,0.0
2020-05-26,0.8285053945550231,1.0,0.6154391444999617,0.38456085550003827,0.6154391444999617,0.0
2020-05-27,0.8285053945550231,1.0,0.6343396122037704,0.36566038779622956,0.6343396122037704,0.0
2020-05-28,0.8285053945550231,1.0,0.6125042809456916,0.38749571905430835,0.6125042809456916,0.0
2020-05-29,0.8285053945550231,1.0,0.5868518466422932,0.4131481533577068,0.5868518466422932,0.0
2020-06-01,0.8285053945550231,1.0,0.6192322681108371,0.3807677318891629,0.6192322681108371,0.0
2020-06-02,0.8285053945550231,1.0,0.6102592075445383,0.38974079245546167,0.6102592075445383,0.0
2020-06-03,0.8285053945550231,1.0,0.6150057774658272,0.3849942225341728,0.6150057774658272,0.0
2020-06-04,0.8285053945550231,1.0,0.6196533389656768,0.38034666103432324,0.6196533389656768,0.0
2020-06-05,0.8285053945550231,1.0,0.6253732386223466,0.3746267613776534,0.6253732386223466,0.0
2020-06-08,0.8285053945550231,1.0,0.6041992820861513,0.39580071791384874,0.6041992820861513,0.0
2020-06-09,0.8285053945550231,1.0,0.6114654799701527,0.38853452002984734,0.6114654799701527,0.0
2020-06-10,0.8285053945550231,1.0,0.6319628341864751,0.36803716581352486,0.6319628341864751,0.0
2020-06-11,0.8285053945550231,1.0,0.6359828229754132,0.3640171770245868,0.6359828229754132,0.0
2020-06-12,0.8285053945550231,1.0,0.6324716344263591,0.3675283655736409,0.6324716344263591,0.0
2020-06-15,0.8285053945550231,1.0,0.6351595513863718,0.3648404486136282,0.6351595513863718,0.0
2020-06-16,0.8285053945550231,1.0,0.6242178904198682,0.3757821095801318,0.6242178904198682,0.0
2020-06-17,0.8285053945550231,1.0,0.6168020068547172,0.3831979931452828,0.6168020068547172,0.0
2020-06-18,0.8285053945550231,1.0,0.6292206790615391,0.3707793209384609,0.6292206790615391,0.0
2020-06-19,0.8285053945550231,1.0,0.6604457955011233,0.33955420449887674,0.6604457955011233,0.0
2020-06-22,0.8285053945550231,1.0,0.6350548997235748,0.36494510027642524,0.6350548997235748,0.0
2020-06-23,0.8285053945550231,1.0,0.66031770909873,0.33968229090127,0.66031770909873,0.0
2020-06-24,0.8285053945550231,1.0,0.6506767853890295,0.3493232146109705,0.6506767853890295,0.0
2020-06-25,0.8285053945550231,1.0,0.6464358446935401,0.3535641553064599,0.6464358446935401,0.0
2020-06-26,0.8285053945550231,1.0,0.6449615367361975,0.3550384632638025,0.6449615367361975,0.0
2020-06-29,0.9787926870358872,1.0,0.6640904112577848,0.3359095887422152,0.6640904112577848,0.0
2020-06-30,0.9787926870358872,1.0,0.6690443020538119,0.33095569794618807,0.6690443020538119,0.0
2020-07-01,0.9787926870358872,1.0,0.6117270827269818,0.38827291727301816,0.6117270827269818,0.0
2020-07-02,0.9787926870358872,1.0,0.6533874475375512,0.3466125524624488,0.6533874475375512,0.0
2020-07-06,0.9787926870358872,1.0,0.6663522105312596,0.3336477894687404,0.6663522105312596,0.0
2020-07-07,0.9787926870358872,1.0,0.6253397406386161,0.3746602593613839,0.6253397406386161,0.0
2020-07-08,0.9787926870358872,1.0,0.6683193364215037,0.33168066357849635,0.6683193364215037,0.0
2020-07-09,0.9787926870358872,1.0,0.649895142792156,0.350104857207844,0.649895142792156,0.0
2020-07-10,0.9787926870358872,1.0,0.6774898957354404,0.3225101042645596,0.6774898957354404,0.0
2020-07-13,0.9787926870358872,1.0,0.6644622109888821,0.33553778901111786,0.6644622109888821,0.0
2020-07-14,0.9787926870358872,1.0,0.6601968575133302,0.33980314248666976,0.6601968575133302,0.0
2020-07-15,0.9787926870358872,1.0,0.6600412732077611,0.33995872679223893,0.6600412732077611,0.0
2020-07-16,0.9787926870358872,1.0,0.5766279955075411,0.42337200449245893,0.5766279955075411,0.0
2020-07-17,0.9787926870358872,1.0,0.625874939310118,0.37412506068988205,0.625874939310118,0.0
2020-07-20,0.9787926870358872,1.0,0.5933662841150578,0.40663371588494224,0.5933662841150578,0.0
2020-07-21,0.9787926870358872,1.0,0.6290267030682544,0.37097329693174563,0.6290267030682544,0.0
2020-07-22,0.9787926870358872,1.0,0.5935560069441239,0.4064439930558761,0.5935560069441239,0.0
2020-07-23,0.9787926870358872,1.0,0.64678148220863,0.35321851779137003,0.64678148220863,0.0
2020-07-24,0.9787926870358872,1.0,0.6852377140912425,0.31476228590875754,0.6852377140912425,0.0
2020-07-27,0.9787926870358872,1.0,0.604137230932951,0.395862769067049,0.604137230932951,0.0
2020-07-28,0.0,0.0,0.5487018352000467,0.4512981647999533,0.5487018352000467,0.0
2020-07-29,0.9787926870358872,1.0,0.6042429117484227,0.3957570882515773,0.6042429117484227,0.0
2020-07-30,0.0,0.0,0.4646908320560255,0.5353091679439745,0.5353091679439745,0.0
2020-07-31,0.0,0.0,0.5464792278942582,0.4535207721057418,0.5464792278942582,0.0
2020-08-03,0.9787926870358872,1.0,0.6145453808399969,0.3854546191600031,0.6145453808399969,0.0
2020-08-04,0.0,0.0,0.5428795870829267,0.4571204129170733,0.5428795870829267,0.0
2020-08-05,0.0,0.0,0.4404206569763405,0.5595793430236595,0.5595793430236595,0.0
2020-08-06,0.9787926870358872,1.0,0.5546242592994644,0.44537574070053565,0.5546242592994644,0.0
2020-08-07,0.0,0.0,0.539855956757499,0.460144043242501,0.539855956757499,0.0
2020-08-10,0.9787926870358872,1.0,0.5668575679764323,0.4331424320235677,0.5668575679764323,0.0
2020-08-11,0.0,0.0,0.4781547644931854,0.5218452355068146,0.5218452355068146,0.0
2020-08-12,0.0,0.0,0.5140651152841202,0.48593488471587976,0.5140651152841202,0.0
2020-08-13,0.9787926870358872,1.0,0.6231814289050477,0.3768185710949523,0.6231814289050477,0.0
2020-08-14,0.9787926870358872,1.0,0.5839458072331413,0.41605419276685873,0.5839458072331413,0.0
2020-08-17,0.9787926870358872,1.0,0.5870831383180488,0.4129168616819512,0.5870831383180488,0.0
2020-08-18,0.9787926870358872,1.0,0.5609752709706098,0.43902472902939016,0.5609752709706098,0.0
2020-08-19,0.0,0.0,0.4885123172451533,0.5114876827548467,0.5114876827548467,0.0
2020-08-20,0.9787926870358872,1.0,0.5799870440269073,0.42001295597309274,0.5799870440269073,0.0
2020-08-21,0.9787926870358872,1.0,0.5557623959318811,0.44423760406811885,0.5557623959318811,0.0
2020-08-24,0.9787926870358872,1.0,0.6164439998447517,0.38355600015524827,0.6164439998447517,0.0
2020-08-25,0.9787926870358872,1.0,0.603317685996007,0.396682314003993,0.603317685996007,0.0
2020-08-26,0.9787926870358872,1.0,0.6001049801562162,0.39989501984378384,0.6001049801562162,0.0
2020-08-27,0.9787926870358872,1.0,0.5899212091267185,0.4100787908732815,0.5899212091267185,0.0
2020-08-28,0.0,0.0,0.5177648150518319,0.4822351849481681,0.5177648150518319,0.0
2020-08-31,0.0,0.0,0.4779419830528014,0.5220580169471987,0.5220580169471987,0.0
2020-09-01,0.9787926870358872,1.0,0.6304051888984342,0.3695948111015658,0.6304051888984342,0.0
2020-09-02,0.0,0.0,0.5484219319535228,0.45157806804647715,0.5484219319535228,0.0
2020-09-03,0.9787926870358872,1.0,0.5761606993353321,0.4238393006646679,0.5761606993353321,0.0
2020-09-04,0.9787926870358872,1.0,0.5613479708779212,0.4386520291220788,0.5613479708779212,0.0
2020-09-08,0.9787926870358872,1.0,0.6521759647818266,0.3478240352181734,0.6521759647818266,0.0
2020-09-09,0.9787926870358872,1.0,0.6497407113921365,0.3502592886078635,0.6497407113921365,0.0
2020-09-10,0.9787926870358872,1.0,0.5658952673417257,0.4341047326582743,0.5658952673417257,0.0
2020-09-11,0.0,0.0,0.4779014942533794,0.5220985057466205,0.5220985057466205,0.0
2020-09-14,0.9787926870358872,1.0,0.5816413093640295,0.41835869063597053,0.5816413093640295,0.0
2020-09-15,0.0,0.0,0.4718254903831499,0.5281745096168501,0.5281745096168501,0.0
2020-09-16,0.9787926870358872,1.0,0.5902540867886654,0.4097459132113346,0.5902540867886654,0.0
2020-09-17,0.0,0.0,0.494976408798278,0.505023591201722,0.505023591201722,0.0
2020-09-18,0.9787926870358872,1.0,0.6108003660126361,0.3891996339873639,0.6108003660126361,0.0
2020-09-21,0.0,0.0,0.5148120598264907,0.4851879401735093,0.5148120598264907,0.0
2020-09-22,0.0,0.0,0.49527357235349,0.50472642764651,0.50472642764651,0.0
2020-09-23,0.9787926870358872,1.0,0.5826640283237217,0.41733597167627834,0.5826640283237217,0.0
2020-09-24,0.9787926870358872,1.0,0.5955104959141913,0.40448950408580875,0.5955104959141913,0.0
2020-09-25,0.9787926870358872,1.0,0.5509791846640019,0.44902081533599814,0.5509791846640019,0.0
2020-09-28,0.0,0.0,0.5,0.5,0.5,0.0
