model,cost_multiplier,initial_capital,final_equity,total_return,annualized_return,sharpe_ratio,sortino_ratio,max_drawdown,calmar_ratio,ulcer_index,win_rate,profit_factor,avg_win,avg_loss,num_trades,total_fees,realized_pnl,unrealized_pnl
boosting_raw,1,100000.0,82423.69461382311,-0.17576305386176883,-0.044260942902131006,-0.654470470431847,-0.31500398085562936,-0.20211175314541896,-0.21899242480117104,19.88472974455283,0.3,0.49289303385231115,2847.2751851938315,-2475.7111783814216,20,5595.166435993983,-17576.305386176915,0.0
boosting_raw,2,100000.0,80093.16043129786,-0.1990683956870214,-0.050659566718919025,-0.741159921255642,-0.3955409294144409,-0.2200061082289988,-0.2302643645974991,21.677072034948637,0.3157894736842105,0.42971161137207875,2499.9632580553684,-2685.1245474641755,19,10397.645231163317,-19906.839568702075,0.0
boosting_raw,4,100000.0,79843.30129839908,-0.20156698701600928,-0.0513539982821829,-0.9667343610448732,-0.27480262872705835,-0.21305224743143558,-0.24103945816722552,21.10644142475821,0.18181818181818182,0.21592711208299328,2775.493073945188,-2856.4094277212553,11,12171.417421568063,-20156.698701600923,0.0
boosting_calibrated,1,100000.0,82818.0168536367,-0.171819831463633,-0.043192053543349096,-0.4229860644062636,-0.2419522396566137,-0.20274305546283866,-0.2130383871583009,19.81148972007134,0.37142857142857144,0.6932055498101333,2986.375873395666,-2545.6758863866776,35,9857.462246120233,-17181.983146363258,0.0
boosting_calibrated,2,100000.0,81464.67865014762,-0.18535321349852385,-0.04687698780913441,-0.6394237323649052,-0.2806679128257254,-0.2066494641985377,-0.22684301646239702,20.314162191501502,0.36363636363636365,0.5213032184373985,2523.132347711916,-2765.7414379676948,22,12425.392843303514,-18535.321349852387,0.0
boosting_calibrated,4,100000.0,79761.79855795809,-0.20238201442041914,-0.05158087816668655,-0.8850316447376025,-0.24690201308171866,-0.21385555086923447,-0.2411949465750671,21.168467030252195,0.2857142857142857,0.3077357538887281,2249.1477109730927,-2923.479228593432,14,15625.934527668665,-20238.201442041947,0.0
boosting_vol_target,1,100000.0,81128.51195777187,-0.18871488042228124,-0.047799580246847495,-0.7063549440238455,-0.45821135760568277,-0.20087830699565945,-0.23795292265122656,16.045478230252186,0.38666666666666666,0.6887176474115984,1439.775766668238,-1317.9344625131976,75,10296.810388533331,-18871.488042228186,0.0
boosting_vol_target,2,100000.0,80482.68766172756,-0.1951731233827244,-0.04958025857921111,-0.8552543121572161,-0.48201374395716057,-0.20358302253110838,-0.24353827722365715,18.01448491622636,0.3709677419354839,0.6059423087763058,1304.8591794456445,-1269.976242705699,62,15413.029935124261,-19517.312338272437,0.0
boosting_vol_target,4,100000.0,79791.17360758729,-0.20208826392412704,-0.0514990861327298,-1.0697836738419733,-0.5197119503676203,-0.206504474958635,-0.24938484332141278,19.613303508409274,0.3541666666666667,0.4530261218683002,984.5750586132594,-1191.8258835109073,48,19619.20379406993,-20208.82639241271,0.0
boosting_fixed_risk_control,1,100000.0,80573.56885440773,-0.1942643114559227,-0.04932901928029321,-0.765585763470559,-0.5433283221409491,-0.20820914294801707,-0.23692052415108894,16.438231577089343,0.3684210526315789,0.677941074868443,1460.4665020673299,-1256.65610840578,76,10030.415975554391,-19426.431145592218,0.0
boosting_fixed_risk_control,2,100000.0,80328.19834950814,-0.1967180165049186,-0.05000784030139993,-0.8634688823871229,-0.5872848484263463,-0.2060927780483972,-0.24264722313392506,18.0821837276553,0.36764705882352944,0.6212360381605053,1290.601361489565,-1207.8333880867667,68,16350.769021723429,-19671.801650491834,0.0
boosting_fixed_risk_control,4,100000.0,80241.42757428366,-0.19758572425716336,-0.050248272953514084,-1.1501768189305837,-0.5404173702054391,-0.20276575018736287,-0.2478144011357089,19.765426775500412,0.3333333333333333,0.37980546707637436,1008.3413927045617,-1327.444547423795,36,17106.38938496837,-19758.572425716327,0.0
boosting_exposure_control,1,100000.0,147075.44509436568,0.47075445094365675,0.09455611775710637,0.5453610271113437,0.6631065285964288,-0.18908215309207443,0.5000795485497874,8.372393920549916,0.6666666666666666,6.263559475976768,29890.39302513114,-9544.219429789926,3,1773.827252626055,50113.996733012784,-3038.551638647167
boosting_exposure_control,2,100000.0,144964.41430851974,0.4496441430851974,0.09085629209790014,0.52865738107486,0.6430340374806931,-0.18985027543347677,0.4785681342334214,8.442953414121453,0.6666666666666666,5.956887212518811,28952.453114686967,-9720.665200389016,3,3519.721651900258,47959.40562493414,-2994.991316414251
boosting_exposure_control,4,100000.0,140832.87630300195,0.4083287630300194,0.08349422001171436,0.4952277970293395,0.6024382167087298,-0.19138316473192063,0.43626731812418623,8.58596656939537,0.6666666666666666,5.384528825449441,27117.833979415525,-10072.50025340965,3,6929.401356574097,43742.61242320543,-2909.736120203791
logistic_raw,1,100000.0,84349.56575608357,-0.15650434243916433,-0.03907708786341535,-0.4023185917056381,-0.21649246918568346,-0.20384893130929505,-0.19169630967613283,19.923953825177314,0.36363636363636365,0.7239760540088425,3420.759862805047,-2699.978695122711,33,9478.945947041942,-15650.434243916367,0.0
logistic_raw,2,100000.0,83629.51135743568,-0.16370488642564318,-0.0410045402778525,-0.578923519787013,-0.2948654169032754,-0.2035090210023096,-0.20148758062861075,20.035173475252154,0.36363636363636365,0.6069018236427979,3159.2869188446543,-2974.627428094395,22,12617.199061740168,-16370.488642564296,0.0
logistic_raw,4,100000.0,80788.37523784486,-0.19211624762155144,-0.04873605268023595,-0.8330920968730264,-0.39277156192425333,-0.22266750222481235,-0.21887366676000367,22.046494014349626,0.3076923076923077,0.38813435133511404,3046.7029532641222,-3488.7151750235153,13,14857.578013252441,-19211.624762155152,0.0
logistic_calibrated,1,100000.0,84550.46776658544,-0.15449532233414565,-0.03854155940405379,-0.5060065777974473,-0.25772584525939835,-0.20195267554402285,-0.19084450998349003,19.834133261110747,0.3333333333333333,0.648886478567587,3568.999751689466,-2750.09564043314,24,7065.160471779692,-15449.532233414513,0.0
logistic_calibrated,2,100000.0,83762.37171130626,-0.1623762828869374,-0.04064794412826167,-0.5421216518717967,-0.2267808032144282,-0.2022436534112917,-0.20098501704574237,19.912130811881983,0.36363636363636365,0.6107793332268409,3185.0851669747335,-2979.879258892256,22,12670.25136921459,-16237.628288693728,0.0
logistic_calibrated,4,100000.0,82543.39263237885,-0.17456607367621158,-0.04393606428072683,-0.7322415461768949,-0.24357192675942738,-0.2057810126659415,-0.21350883500632425,20.400777286806736,0.35714285714285715,0.42398973734310674,2569.892535789129,-3367.341116285198,14,15885.805560606343,-17456.60736762114,0.0
logistic_vol_target,1,100000.0,93022.45995635519,-0.06977540043644814,-0.016796888842988023,-0.12070106089762471,-0.11785625226467507,-0.21168714995567284,-0.07934770176888527,13.836451424036005,0.4502923976608187,0.943536335805599,1514.2625573750925,-1314.6357123566668,171,26446.01645728072,-6977.540043644549,0.0
logistic_vol_target,2,100000.0,80748.10827031035,-0.19251891729689652,-0.048847116410927316,-0.6379743168408194,-0.41716085708717066,-0.21025451627212377,-0.23232374398895908,17.715529534069848,0.39759036144578314,0.7087525796225261,1419.6851377645194,-1322.0300255183756,83,23413.940067965,-19251.891729689625,0.0
logistic_vol_target,4,100000.0,81151.649295281,-0.18848350704719008,-0.047735987279594494,-1.1641595922121248,-0.5407894895083669,-0.20302636217333125,-0.2351221130526906,19.478930320429278,0.3333333333333333,0.4037651000621378,981.8415022837814,-1215.8573167080067,39,16486.758582431612,-18848.35070471902,0.0
logistic_fixed_risk_control,1,100000.0,101086.67073065888,0.010866707306588896,0.0025344688103561275,0.07736536861612428,0.08459273519595135,-0.20295868447102738,0.012487609569217158,13.846570497313445,0.441340782122905,1.0077825185048053,1781.2198933830439,-1396.2970084660137,179,29972.015473426032,1086.6707306590783,0.0
logistic_fixed_risk_control,2,100000.0,81384.00808833163,-0.18615991911668373,-0.04709811782268125,-0.9736616469527347,-0.5468317549087963,-0.20384071752440647,-0.23105353235936316,19.21291672695301,0.32653061224489793,0.524475332294933,1283.270512415313,-1186.3127306155563,49,11535.586417834347,-18615.991911668363,0.0
logistic_fixed_risk_control,4,100000.0,80802.99840832717,-0.19197001591672824,-0.048695729769115514,-1.1080595689755026,-0.5569654310261621,-0.20573455809919572,-0.23669202791704386,19.985289796657952,0.3611111111111111,0.42304359651857315,1082.759932680943,-1446.6469876750043,36,17264.651944712947,-19197.001591672844,0.0
logistic_exposure_control,1,100000.0,168258.43682022288,0.6825843682022288,0.12959808186756727,0.8171995427556675,1.047775194308929,-0.18226975644915155,0.7110235092881232,7.590600659900797,0.6666666666666666,7.35602042645233,32282.8163040638,-8777.250315394567,3,1653.3133303322813,65133.90078602789,3124.5360341951473
logistic_exposure_control,2,100000.0,166137.0403211695,0.6613704032116952,0.1262463877058304,0.7992133377064728,1.024716965357272,-0.18322204661772523,0.6890349171201601,7.66489312627317,0.6666666666666666,7.085075366933314,31657.71949782518,-8936.452432270407,3,3283.14044119679,63048.489272291925,3088.551048877458
logistic_exposure_control,4,100000.0,161974.09061132744,0.6197409061132744,0.11957270941200893,0.7631887308512786,0.9788972923707091,-0.18512342222895428,0.6459080540555561,7.814959018207982,0.6666666666666666,6.575764849107927,30426.071633822274,-9254.002334937479,3,6473.599423493536,58956.284833592035,3017.8057777355684
rule_raw,1,100000.0,83694.66943322979,-0.16305330566770204,-0.04082960234525179,-0.4416526564337214,-0.22006184511829874,-0.21003030761690267,-0.19439862183949844,20.60254424831527,0.32,0.6489092269467667,3767.0740251802317,-2731.8778098948205,25,7300.740709655736,-16305.330566770095,0.0
rule_raw,2,100000.0,82666.1780755905,-0.17333821924409498,-0.04360318056042689,-0.5009370778235832,-0.24831419522076667,-0.21268384764309323,-0.20501406685851292,20.9134489697115,0.34782608695652173,0.6089876271533198,3374.600081831505,-2955.3748386040998,23,13117.745325221786,-17333.82192440946,0.0
rule_raw,4,100000.0,81797.61188184556,-0.18202388118154444,-0.04596613853392206,-0.706655815841709,-0.33195442961865546,-0.21295679274442403,-0.21584725211882502,21.111268716147382,0.3076923076923077,0.3972058661495464,2998.575687970883,-3355.1878744486635,13,14716.88256914876,-18202.388118154442,0.0
rule_calibrated,1,100000.0,83694.66943322979,-0.16305330566770204,-0.04082960234525179,-0.4416526564337214,-0.22006184511829874,-0.21003030761690267,-0.19439862183949844,20.60254424831527,0.32,0.6489092269467667,3767.0740251802317,-2731.8778098948205,25,7300.740709655736,-16305.330566770095,0.0
rule_calibrated,2,100000.0,82666.1780755905,-0.17333821924409498,-0.04360318056042689,-0.5009370778235832,-0.24831419522076667,-0.21268384764309323,-0.20501406685851292,20.9134489697115,0.34782608695652173,0.6089876271533198,3374.600081831505,-2955.3748386040998,23,13117.745325221786,-17333.82192440946,0.0
rule_calibrated,4,100000.0,81797.61188184556,-0.18202388118154444,-0.04596613853392206,-0.706655815841709,-0.33195442961865546,-0.21295679274442403,-0.21584725211882502,21.111268716147382,0.3076923076923077,0.3972058661495464,2998.575687970883,-3355.1878744486635,13,14716.88256914876,-18202.388118154442,0.0
rule_vol_target,1,100000.0,79161.86121782077,-0.20838138782179227,-0.05325641529791714,-0.42226998789815084,-0.3774270535362202,-0.23316536629595386,-0.22840620004567677,15.959568490428897,0.40993788819875776,0.8477177674711384,1757.5878477001445,-1440.409860319882,161,23111.415750889813,-20838.138782179252,0.0
rule_vol_target,2,100000.0,81554.26463460334,-0.18445735365396654,-0.046631615721810515,-0.847473902395413,-0.5233166527275416,-0.2023700176564086,-0.23042749248054828,18.08697394376811,0.3076923076923077,0.5691057673749855,1522.643723375079,-1189.112081649943,52,12155.253039637932,-18445.73536539668,0.0
rule_vol_target,4,100000.0,81192.48673028016,-0.18807513269719844,-0.04762377947064078,-1.1081157192959301,-0.5232019470812388,-0.20262530613302365,-0.23503372002002423,19.81787966877412,0.32432432432432434,0.3992933023798039,1041.7887954262126,-1252.3591525933762,37,15407.25859982585,-18807.513269719857,0.0
rule_fixed_risk_control,1,100000.0,82072.63676288645,-0.17927363237113547,-0.045215855629904045,-0.6451762856178628,-0.49697036983265236,-0.20005101703672779,-0.2260216233822134,16.79538785146181,0.3382352941176471,0.6945703481389411,1772.5301204446896,-1304.3456890520322,68,9160.134259546003,-17927.36323711357,0.0
rule_fixed_risk_control,2,100000.0,80547.00208190386,-0.19452997918096138,-0.049402440152603866,-0.8577267219045113,-0.6077271685002186,-0.21182588329838092,-0.23322192445677137,19.17121759400189,0.32,0.5679687521019952,1598.364557821313,-1324.3185542128563,50,12578.850355928636,-19452.997918096105,0.0
rule_fixed_risk_control,4,100000.0,80285.81088443886,-0.19714189115561143,-0.05012526662811101,-1.0662567997428776,-0.5634644440113433,-0.21065794998375953,-0.23794623764246908,20.617275978938427,0.34285714285714286,0.4114593834191605,1148.545496772202,-1456.3797859490232,35,16673.279056458974,-19714.189115561105,0.0
rule_exposure_control,1,100000.0,144294.8221045081,0.4429482210450808,0.08967413741360408,0.5281720759332608,0.5686204094607908,-0.1991109126233035,0.45037279088393284,11.224810605965805,0.8333333333333334,4.8791007800108375,11441.629070109197,-11725.141154067105,6,1668.1371222402713,45433.04292911082,-1138.2208246026207
rule_exposure_control,2,100000.0,142237.37103104364,0.42237371031043636,0.08601525619083539,0.5113919021854452,0.5507832073837295,-0.1994064067776078,0.4313565325248838,11.324584119599743,0.8333333333333334,4.646448478656187,11072.740457506316,-11915.27303958043,6,3310.265871033928,43359.37386703105,-1122.0028359872572
rule_exposure_control,4,100000.0,138209.9349748978,0.38209934974897797,0.07873408090950806,0.47778893794685595,0.5151771715707615,-0.20126482326805484,0.3911964327946467,11.526762633596348,0.8333333333333334,4.2099558426132395,10351.67232606376,-12294.276606519205,6,6518.062091873047,39300.19078494851,-1090.2558100506694
buy_hold,1,100000.0,901587.5773898013,8.015875773898014,0.6736458489557013,1.2415152446341902,1.9813089045223298,-0.6080154399362954,1.1079420105290128,21.563116304296962,0.0,0.0,0.0,0.0,0,149.77533699450825,-149.77533699450825,801737.3527267958
buy_hold,2,100000.0,900239.2410327876,8.002392410327875,0.673059317918073,1.2408706807875278,1.9802133356772957,-0.6080154399362954,1.1069773458196928,21.563116304296962,0.0,0.0,0.0,0.0,0,299.1026919242274,-299.1026919242274,800538.3437247119
buy_hold,4,100000.0,897554.6309700655,7.975546309700654,0.6718894970373883,1.2395797719775754,1.9780319992989677,-0.6080154399362953,1.1050533471778043,21.56311630429696,0.0,0.0,0.0,0.0,0,596.4214711729622,-596.4214711729622,798151.0524412385
trend,1,100000.0,81638.31277469598,-0.18361687225304024,-0.04640159914266673,-0.3706313071785285,-0.15909031168058488,-0.21062484913619095,-0.22030448607069744,19.522566395871866,0.358974358974359,0.7296358612219132,3539.4977023716274,-2716.586202340273,39,10609.324903891205,-18361.687225304046,0.0
trend,2,100000.0,81247.7747098464,-0.187522252901536,-0.04747193517415427,-0.5647318737895752,-0.14773918615461348,-0.20848952773025164,-0.2276945786724334,19.811509914655712,0.3333333333333333,0.48791253195216977,2977.8264756005087,-3051.5986786463873,18,9701.166646820355,-18752.22529015359,0.0
trend,4,100000.0,80544.91080387068,-0.19455089196129327,-0.04940822046987803,-0.9443960014177347,-0.20748124871403087,-0.2034886180161063,-0.2428058185837565,19.495270155716383,0.125,0.12021479703226555,2658.364326960703,-3159.064789012858,8,8762.441655458328,-19455.089196129305,0.0
