model,mapping,brier,log_loss,n,active_brier,active_log_loss,active_n
boosting,raw,0.25667522601713855,0.7073434808141644,1075,0.257459472380482,0.7092864873474568,542
boosting,shrink,0.2519193738145544,0.6970643100633416,1075,0.255433135883635,0.7041720829870992,508
boosting,sigmoid,0.25124283842418615,0.6957598118873377,1075,0.25144892625009563,0.6963228516649244,435
boosting,calibrated,0.25185753295302954,0.696994761181926,1075,0.2548538385892772,0.703146807840112,447
boosting,base_rate,0.24965464489345554,0.6924768819247907,1075,0.25199406220678644,0.6971863939667432,504
logistic,raw,0.2532247453137667,0.7006862203557861,1075,0.2521604682798382,0.6992878299160935,549
logistic,shrink,0.24998110469085785,0.6932664798190539,1075,0.2517422693490078,0.6969661933248165,520
logistic,sigmoid,0.24976057926437903,0.6929620921443779,1075,0.2509056106413807,0.6956938629319863,435
logistic,calibrated,0.24957146744908587,0.6923950190290307,1075,0.24997373994122274,0.6933313180039439,450
logistic,base_rate,0.24965464489345554,0.6924768819247907,1075,0.25199406220678644,0.6971863939667432,504
rule,raw,0.24959894583295625,0.6923771916183575,1075,0.25124827277117084,0.6957116778610627,553
rule,shrink,0.2500124289782375,0.693200619966085,1075,0.2516071222882528,0.6964204254521389,534
rule,sigmoid,0.24887250371518993,0.6909477267274321,1075,0.247411872772298,0.6880743882670524,551
rule,calibrated,0.24991889365582534,0.6930813408095745,1075,0.2507943583582875,0.6949359411390137,519
rule,base_rate,0.24965464489345554,0.6924768819247907,1075,0.25199406220678644,0.6971863939667432,504
