model,mapping,bin,predicted,observed,n
boosting,raw,"(0.2, 0.3]",0.29291054269861316,0.25,4
boosting,raw,"(0.3, 0.4]",0.35815557415073757,0.6,60
boosting,raw,"(0.4, 0.5]",0.4608914132240312,0.5518867924528302,212
boosting,raw,"(0.5, 0.6]",0.5495042284793795,0.5298507462686567,536
boosting,raw,"(0.6, 0.7]",0.6361853591875379,0.5203619909502263,221
boosting,raw,"(0.7, 0.8]",0.7390072142144061,0.6578947368421053,38
boosting,raw,"(0.8, 0.9]",0.8202201736191869,0.75,4
boosting,shrink,"(0.4, 0.5]",0.4697677894206126,0.5602409638554217,166
boosting,shrink,"(0.5, 0.6]",0.5492037243185509,0.5325520833333334,768
boosting,shrink,"(0.6, 0.7]",0.6252865591875894,0.5611510791366906,139
boosting,shrink,"(0.7, 0.8]",0.706219155539767,0.5,2
boosting,sigmoid,"(0.3, 0.4]",0.37671412203496235,0.5,8
boosting,sigmoid,"(0.4, 0.5]",0.46720932433950596,0.5517241379310345,232
boosting,sigmoid,"(0.5, 0.6]",0.5437314116921362,0.529500756429652,661
boosting,sigmoid,"(0.6, 0.7]",0.635349237245079,0.5689655172413793,174
boosting,calibrated,"(0.3, 0.4]",0.37671412203496235,0.5,8
boosting,calibrated,"(0.4, 0.5]",0.4683961567916802,0.542016806722689,238
boosting,calibrated,"(0.5, 0.6]",0.5444821820085861,0.540090771558245,661
boosting,calibrated,"(0.6, 0.7]",0.6353632300970267,0.5421686746987951,166
boosting,calibrated,"(0.7, 0.8]",0.706219155539767,0.5,2
boosting,base_rate,"(0.5, 0.6]",0.5476730370711489,0.5404651162790698,1075
logistic,raw,"(0.2, 0.3]",0.27791247262360874,0.2857142857142857,7
logistic,raw,"(0.3, 0.4]",0.3605625612036059,0.5441176470588235,68
logistic,raw,"(0.4, 0.5]",0.4580455192580246,0.4744186046511628,215
logistic,raw,"(0.5, 0.6]",0.5530837970401439,0.5584158415841585,505
logistic,raw,"(0.6, 0.7]",0.6336119413393876,0.5737051792828686,251
logistic,raw,"(0.7, 0.8]",0.7298122995636037,0.5185185185185185,27
logistic,raw,"(0.8, 0.9]",0.8189979624537229,0.0,2
logistic,shrink,"(0.3, 0.4]",0.38936993669186404,0.5,2
logistic,shrink,"(0.4, 0.5]",0.4698553777298194,0.5120481927710844,166
logistic,shrink,"(0.5, 0.6]",0.5499174524933329,0.5483870967741935,775
logistic,shrink,"(0.6, 0.7]",0.6207540278430825,0.5343511450381679,131
logistic,shrink,"(0.7, 0.8]",0.7006119532720262,0.0,1
logistic,sigmoid,"(0.4, 0.5]",0.4770918121710467,0.5170731707317073,205
logistic,sigmoid,"(0.5, 0.6]",0.5416816884674222,0.5368852459016393,732
logistic,sigmoid,"(0.6, 0.7]",0.6433249596230712,0.6031746031746031,126
logistic,sigmoid,"(0.7, 0.8]",0.7216410485710193,0.5,12
logistic,calibrated,"(0.3, 0.4]",0.385708886491924,0.5,6
logistic,calibrated,"(0.4, 0.5]",0.4666575009786609,0.48936170212765956,235
logistic,calibrated,"(0.5, 0.6]",0.5459030854772214,0.5541490857946554,711
logistic,calibrated,"(0.6, 0.7]",0.6270474813870975,0.5508474576271186,118
logistic,calibrated,"(0.7, 0.8]",0.7248111361728349,0.8,5
logistic,base_rate,"(0.5, 0.6]",0.5476730370711489,0.5404651162790698,1075
rule,raw,"(0.4, 0.5]",0.4897959183673471,0.5909090909090909,22
rule,raw,"(0.5, 0.6]",0.5443957186014522,0.5407262021589794,1019
rule,raw,"(0.6, 0.7]",0.6122002896861548,0.5,34
rule,shrink,"(0.4, 0.5]",0.49799969615637835,0.5909090909090909,22
rule,shrink,"(0.5, 0.6]",0.5473174858730554,0.5417066155321189,1043
rule,shrink,"(0.6, 0.7]",0.602165998005612,0.3,10
rule,sigmoid,"(0.4, 0.5]",0.4796878635790601,0.5106382978723404,141
rule,sigmoid,"(0.5, 0.6]",0.5420852687420006,0.5383663366336634,808
rule,sigmoid,"(0.6, 0.7]",0.6366920283520242,0.5873015873015873,126
rule,calibrated,"(0.4, 0.5]",0.4810521409124486,0.5214723926380368,163
rule,calibrated,"(0.5, 0.6]",0.5423448321901355,0.5458879618593564,839
rule,calibrated,"(0.6, 0.7]",0.6469111826605376,0.5205479452054794,73
rule,base_rate,"(0.5, 0.6]",0.5476730370711489,0.5404651162790698,1075
