model,initial_capital,final_equity,total_return,annualized_return,sharpe_ratio,sortino_ratio,max_drawdown,calmar_ratio,ulcer_index,win_rate,profit_factor,avg_win,avg_loss,num_trades,total_fees,realized_pnl,unrealized_pnl,mean_abs_exposure,halted,execution_mode,stop_reference,evaluation_first,evaluation_last
boosting_raw,100000.0,82423.69461382311,-0.17576305386176883,-0.044260942902131006,-0.654470470431847,-0.31500398085562936,-0.20211175314541896,-0.21899242480117104,19.88472974455283,0.3,0.49289303385231115,2847.2751851938315,-2475.7111783814216,20,5595.166435993983,-17576.305386176915,0.0,0.0055762081784386614,True,next_open,entry,2022-02-07,2026-05-21
boosting_calibrated,100000.0,82818.0168536367,-0.171819831463633,-0.043192053543349096,-0.4229860644062636,-0.2419522396566137,-0.20274305546283866,-0.2130383871583009,19.81148972007134,0.37142857142857144,0.6932055498101333,2986.375873395666,-2545.6758863866776,35,9857.462246120233,-17181.983146363258,0.0,0.011152416356877323,True,next_open,entry,2022-02-07,2026-05-21
boosting_vol_target,100000.0,81128.51195777187,-0.18871488042228124,-0.047799580246847495,-0.7063549440238455,-0.45821135760568277,-0.20087830699565945,-0.23795292265122656,16.045478230252186,0.38666666666666666,0.6887176474115984,1439.775766668238,-1317.9344625131976,75,10296.810388533331,-18871.488042228186,0.0,0.028524064868861446,True,next_open,entry,2022-02-07,2026-05-21
boosting_fixed_risk_control,100000.0,80573.56885440773,-0.1942643114559227,-0.04932901928029321,-0.765585763470559,-0.5433283221409491,-0.20820914294801707,-0.23692052415108894,16.438231577089343,0.3684210526315789,0.677941074868443,1460.4665020673299,-1256.65610840578,76,10030.415975554391,-19426.431145592218,0.0,0.023583909206395744,True,next_open,entry,2022-02-07,2026-05-21
boosting_exposure_control,100000.0,147075.44509436568,0.47075445094365675,0.09455611775710637,0.5453610271113437,0.6631065285964288,-0.18908215309207443,0.5000795485497874,8.372393920549916,0.6666666666666666,6.263559475976768,29890.39302513114,-9544.219429789926,3,1773.827252626055,50113.996733012784,-3038.551638647167,0.29483714235293296,False,next_open,entry,2022-02-07,2026-05-21
logistic_raw,100000.0,84349.56575608357,-0.15650434243916433,-0.03907708786341535,-0.4023185917056381,-0.21649246918568346,-0.20384893130929505,-0.19169630967613283,19.923953825177314,0.36363636363636365,0.7239760540088425,3420.759862805047,-2699.978695122711,33,9478.945947041942,-15650.434243916367,0.0,0.00929368029739777,True,next_open,entry,2022-02-07,2026-05-21
logistic_calibrated,100000.0,84550.46776658544,-0.15449532233414565,-0.03854155940405379,-0.5060065777974473,-0.25772584525939835,-0.20195267554402285,-0.19084450998349003,19.834133261110747,0.3333333333333333,0.648886478567587,3568.999751689466,-2750.09564043314,24,7065.160471779692,-15449.532233414513,0.0,0.011152416356877323,True,next_open,entry,2022-02-07,2026-05-21
logistic_vol_target,100000.0,93022.45995635519,-0.06977540043644814,-0.016796888842988023,-0.12070106089762471,-0.11785625226467507,-0.21168714995567284,-0.07934770176888527,13.836451424036005,0.4502923976608187,0.943536335805599,1514.2625573750925,-1314.6357123566668,171,26446.01645728072,-6977.540043644549,0.0,0.071146510583282,True,next_open,entry,2022-02-07,2026-05-21
logistic_fixed_risk_control,100000.0,101086.67073065888,0.010866707306588896,0.0025344688103561275,0.07736536861612428,0.08459273519595135,-0.20295868447102738,0.012487609569217158,13.846570497313445,0.441340782122905,1.0077825185048053,1781.2198933830439,-1396.2970084660137,179,29972.015473426032,1086.6707306590783,0.0,0.07071909946461286,True,next_open,entry,2022-02-07,2026-05-21
logistic_exposure_control,100000.0,168258.43682022288,0.6825843682022288,0.12959808186756727,0.8171995427556675,1.047775194308929,-0.18226975644915155,0.7110235092881232,7.590600659900797,0.6666666666666666,7.35602042645233,32282.8163040638,-8777.250315394567,3,1653.3133303322813,65133.90078602789,3124.5360341951473,0.26329172932528266,False,next_open,entry,2022-02-07,2026-05-21
rule_raw,100000.0,83694.66943322979,-0.16305330566770204,-0.04082960234525179,-0.4416526564337214,-0.22006184511829874,-0.21003030761690267,-0.19439862183949844,20.60254424831527,0.32,0.6489092269467667,3767.0740251802317,-2731.8778098948205,25,7300.740709655736,-16305.330566770095,0.0,0.020446096654275093,True,next_open,entry,2022-02-07,2026-05-21
rule_calibrated,100000.0,83694.66943322979,-0.16305330566770204,-0.04082960234525179,-0.4416526564337214,-0.22006184511829874,-0.21003030761690267,-0.19439862183949844,20.60254424831527,0.32,0.6489092269467667,3767.0740251802317,-2731.8778098948205,25,7300.740709655736,-16305.330566770095,0.0,0.020446096654275093,True,next_open,entry,2022-02-07,2026-05-21
rule_vol_target,100000.0,79161.86121782077,-0.20838138782179227,-0.05325641529791714,-0.42226998789815084,-0.3774270535362202,-0.23316536629595386,-0.22840620004567677,15.959568490428897,0.40993788819875776,0.8477177674711384,1757.5878477001445,-1440.409860319882,161,23111.415750889813,-20838.138782179252,0.0,0.08004365830022783,True,next_open,entry,2022-02-07,2026-05-21
rule_fixed_risk_control,100000.0,82072.63676288645,-0.17927363237113547,-0.045215855629904045,-0.6451762856178628,-0.49697036983265236,-0.20005101703672779,-0.2260216233822134,16.79538785146181,0.3382352941176471,0.6945703481389411,1772.5301204446896,-1304.3456890520322,68,9160.134259546003,-17927.36323711357,0.0,0.03095720984899529,True,next_open,entry,2022-02-07,2026-05-21
rule_exposure_control,100000.0,144294.8221045081,0.4429482210450808,0.08967413741360408,0.5281720759332608,0.5686204094607908,-0.1991109126233035,0.45037279088393284,11.224810605965805,0.8333333333333334,4.8791007800108375,11441.629070109197,-11725.141154067105,6,1668.1371222402713,45433.04292911082,-1138.2208246026207,0.29112105397004273,False,next_open,entry,2022-02-07,2026-05-21
buy_hold,100000.0,901587.5773898013,8.015875773898014,0.6736458489557013,1.2415152446341902,1.9813089045223298,-0.6080154399362954,1.1079420105290128,21.563116304296962,0.0,0.0,0.0,0.0,0,149.77533699450825,-149.77533699450825,801737.3527267958,0.9990706319702602,False,next_open,entry,2022-02-07,2026-05-21
trend,100000.0,81638.31277469598,-0.18361687225304024,-0.04640159914266673,-0.3706313071785285,-0.15909031168058488,-0.21062484913619095,-0.22030448607069744,19.522566395871866,0.358974358974359,0.7296358612219132,3539.4977023716274,-2716.586202340273,39,10609.324903891205,-18361.687225304046,0.0,0.03066914498141264,True,next_open,entry,2022-02-07,2026-05-21
