Date,equity,position,strategy_return,cash,shares,mark_price,realized_pnl,unrealized_pnl,cumulative_fees,drawdown,halted
2024-07-24,100000.0,0.0,0.0,100000.0,0.0,114.06200408935548,0.0,0.0,0.0,0.0,False
2024-07-25,100000.0,0.0,0.0,100000.0,0.0,112.0952377319336,0.0,0.0,0.0,0.0,False
2024-07-26,100000.0,0.0,0.0,100000.0,0.0,112.87395477294922,0.0,0.0,0.0,0.0,False
2024-07-29,100000.0,0.0,0.0,100000.0,0.0,111.40637969970705,0.0,0.0,0.0,0.0,False
2024-07-30,100000.0,0.0,0.0,100000.0,0.0,103.5593032836914,0.0,0.0,0.0,0.0,False
2024-07-31,100000.0,0.0,0.0,100000.0,0.0,116.82742309570312,0.0,0.0,0.0,0.0,False
2024-08-01,100000.0,0.0,0.0,100000.0,0.0,109.03028869628906,0.0,0.0,0.0,0.0,False
2024-08-02,100000.0,0.0,0.0,100000.0,0.0,107.09347534179688,0.0,0.0,0.0,0.0,False
2024-08-05,100000.0,0.0,0.0,100000.0,0.0,100.28472137451172,0.0,0.0,0.0,0.0,False
2024-08-06,100000.0,0.0,0.0,100000.0,0.0,104.07846069335938,0.0,0.0,0.0,0.0,False
2024-08-07,100000.0,0.0,0.0,100000.0,0.0,98.74724578857422,0.0,0.0,0.0,0.0,False
2024-08-08,100000.0,0.0,0.0,100000.0,0.0,104.7972640991211,0.0,0.0,0.0,0.0,False
2024-08-09,100000.0,0.0,0.0,100000.0,0.0,104.57763671875,0.0,0.0,0.0,0.0,False
2024-08-12,100000.0,0.0,0.0,100000.0,0.0,108.8405990600586,0.0,0.0,0.0,0.0,False
2024-08-13,100000.0,0.0,0.0,100000.0,0.0,115.94889068603516,0.0,0.0,0.0,0.0,False
2024-08-14,100000.0,0.0,0.0,100000.0,0.0,117.88570404052734,0.0,0.0,0.0,0.0,False
2024-08-15,100000.0,0.0,0.0,100000.0,0.0,122.6578369140625,0.0,0.0,0.0,0.0,False
2024-08-16,100000.0,0.0,0.0,100000.0,0.0,124.37501525878906,0.0,0.0,0.0,0.0,False
2024-08-19,100000.0,0.0,0.0,100000.0,0.0,129.78607177734375,0.0,0.0,0.0,0.0,False
2024-08-20,100000.0,0.0,0.0,100000.0,0.0,127.04061126708984,0.0,0.0,0.0,0.0,False
2024-08-21,100000.0,0.0,0.0,100000.0,0.0,128.28854370117188,0.0,0.0,0.0,0.0,False
2024-08-22,100000.0,0.0,0.0,100000.0,0.0,123.53638458251952,0.0,0.0,0.0,0.0,False
2024-08-23,100000.0,0.0,0.0,100000.0,0.0,129.15713500976562,0.0,0.0,0.0,0.0,False
2024-08-26,100000.0,0.0,0.0,100000.0,0.0,126.2519073486328,0.0,0.0,0.0,0.0,False
2024-08-27,100000.0,0.0,0.0,100000.0,0.0,128.08889770507812,0.0,0.0,0.0,0.0,False
2024-08-28,100000.0,0.0,0.0,100000.0,0.0,125.40330505371094,0.0,0.0,0.0,0.0,False
2024-08-29,100000.0,0.0,0.0,100000.0,0.0,117.39649200439452,0.0,0.0,0.0,0.0,False
2024-08-30,100000.0,0.0,0.0,100000.0,0.0,119.17357635498048,0.0,0.0,0.0,0.0,False
2024-09-03,100000.0,0.0,0.0,100000.0,0.0,107.8222885131836,0.0,0.0,0.0,0.0,False
2024-09-04,100000.0,0.0,0.0,100000.0,0.0,106.03523254394533,0.0,0.0,0.0,0.0,False
2024-09-05,100000.0,0.0,0.0,100000.0,0.0,107.0335922241211,0.0,0.0,0.0,0.0,False
2024-09-06,100000.0,0.0,0.0,100000.0,0.0,102.6607894897461,0.0,0.0,0.0,0.0,False
2024-09-09,100000.0,0.0,0.0,100000.0,0.0,106.2947998046875,0.0,0.0,0.0,0.0,False
2024-09-10,100000.0,0.0,0.0,100000.0,0.0,107.92211151123048,0.0,0.0,0.0,0.0,False
2024-09-11,100000.0,0.0,0.0,100000.0,0.0,116.71762084960938,0.0,0.0,0.0,0.0,False
2024-09-12,100000.0,0.0,0.0,100000.0,0.0,118.95413208007812,0.0,0.0,0.0,0.0,False
2024-09-13,100000.0,0.0,0.0,100000.0,0.0,118.91419219970705,0.0,0.0,0.0,0.0,False
2024-09-16,100000.0,0.0,0.0,100000.0,0.0,116.59781646728516,0.0,0.0,0.0,0.0,False
2024-09-17,100000.0,0.0,0.0,100000.0,0.0,115.40966033935548,0.0,0.0,0.0,0.0,False
2024-09-18,100000.0,0.0,0.0,100000.0,0.0,113.19313049316406,0.0,0.0,0.0,0.0,False
2024-09-19,100000.0,0.0,0.0,100000.0,0.0,117.68611907958984,0.0,0.0,0.0,0.0,False
2024-09-20,100000.0,0.0,0.0,100000.0,0.0,115.81903076171876,0.0,0.0,0.0,0.0,False
2024-09-23,100000.0,0.0,0.0,100000.0,0.0,116.07862091064452,0.0,0.0,0.0,0.0,False
2024-09-24,100000.0,0.0,0.0,100000.0,0.0,120.68143463134766,0.0,0.0,0.0,0.0,False
2024-09-25,100000.0,0.0,0.0,100000.0,0.0,123.31731414794922,0.0,0.0,0.0,0.0,False
2024-09-26,100000.0,0.0,0.0,100000.0,0.0,123.84648895263672,0.0,0.0,0.0,0.0,False
2024-09-27,100000.0,0.0,0.0,100000.0,0.0,121.21060180664062,0.0,0.0,0.0,0.0,False
2024-09-30,100000.0,0.0,0.0,100000.0,0.0,121.25054931640624,0.0,0.0,0.0,0.0,False
2024-10-01,100000.0,0.0,0.0,100000.0,0.0,116.81746673583984,0.0,0.0,0.0,0.0,False
2024-10-02,100000.0,0.0,0.0,100000.0,0.0,118.66458129882812,0.0,0.0,0.0,0.0,False
2024-10-03,100000.0,0.0,0.0,100000.0,0.0,122.65834045410156,0.0,0.0,0.0,0.0,False
2024-10-04,100000.0,0.0,0.0,100000.0,0.0,124.72510528564452,0.0,0.0,0.0,0.0,False
2024-10-07,99850.22466300549,1.0,-0.0014977533699451762,0.0,783.0116673678259,127.52073669433594,-149.77533699450822,0.0,149.77533699450822,-0.0014977533699451762,False
2024-10-08,103892.0851059508,1.0,0.040479232336097404,0.0,783.0116673678259,132.68267822265625,-149.77533699450822,4041.860442945311,149.77533699450822,0.0,False
2024-10-09,103548.90001476789,0.0,-0.0033032842764963988,103548.90001476789,0.0,132.44305419921875,3548.900014767893,0.0,305.3320220442347,-0.0033032842764963988,False
2024-10-10,103548.90001476789,0.0,0.0,103548.90001476789,0.0,134.59970092773438,3548.900014767893,0.0,305.3320220442347,-0.0033032842764963988,False
2024-10-11,103548.90001476789,0.0,0.0,103548.90001476789,0.0,134.58970642089844,3548.900014767893,0.0,305.3320220442347,-0.0033032842764963988,False
2024-10-14,103548.90001476789,0.0,0.0,103548.90001476789,0.0,137.8546142578125,3548.900014767893,0.0,305.3320220442347,-0.0033032842764963988,False
2024-10-15,103548.90001476789,0.0,0.0,103548.90001476789,0.0,131.39468383789062,3548.900014767893,0.0,305.3320220442347,-0.0033032842764963988,False
2024-10-16,103393.80930081666,1.0,-0.0014977533699450651,0.0,763.0074588230144,135.5082550048828,3393.809300816668,0.0,460.4227359954597,-0.004796090141284459,False
2024-10-17,104315.6097700597,1.0,0.00891543193423816,0.0,763.0074588230144,136.71636962890625,3393.809300816668,921.8004692430445,460.4227359954597,0.0,False
2024-10-18,104973.06815286935,0.0,0.0063025886946246334,104973.06815286935,0.0,137.7847137451172,4973.068152869361,0.0,618.1188824444372,0.0,False
2024-10-21,104815.84438628991,1.0,-0.0014977533699450651,0.0,730.4961635720766,143.48582458496094,4815.844386289927,0.0,775.3426490238721,-0.0014977533699450651,False
2024-10-22,104571.19629882103,0.0,-0.002334075433932048,104571.19629882103,0.0,143.365966796875,4571.196298821036,0.0,932.4350821217505,-0.003828332934530332,False
2024-10-23,104571.19629882103,0.0,0.0,104571.19629882103,0.0,139.34228515625,4571.196298821036,0.0,932.4350821217505,-0.003828332934530332,False
2024-10-24,104571.19629882103,0.0,0.0,104571.19629882103,0.0,140.1909637451172,4571.196298821036,0.0,932.4350821217505,-0.003828332934530332,False
2024-10-25,104571.19629882103,0.0,0.0,104571.19629882103,0.0,141.31919860839844,4571.196298821036,0.0,932.4350821217505,-0.003828332934530332,False
2024-10-28,104571.19629882103,0.0,0.0,104571.19629882103,0.0,140.30075073242188,4571.196298821036,0.0,932.4350821217505,-0.003828332934530332,False
2024-10-29,104571.19629882103,0.0,0.0,104571.19629882103,0.0,141.02964782714844,4571.196298821036,0.0,932.4350821217505,-0.003828332934530332,False
2024-10-30,104571.19629882103,0.0,0.0,104571.19629882103,0.0,139.1226348876953,4571.196298821036,0.0,932.4350821217505,-0.003828332934530332,False
2024-10-31,104571.19629882103,0.0,0.0,104571.19629882103,0.0,132.55288696289062,4571.196298821036,0.0,932.4350821217505,-0.003828332934530332,False
2024-11-01,104571.19629882103,0.0,0.0,104571.19629882103,0.0,135.18875122070312,4571.196298821036,0.0,932.4350821217505,-0.003828332934530332,False
2024-11-04,104571.19629882103,0.0,0.0,104571.19629882103,0.0,135.83775329589844,4571.196298821036,0.0,932.4350821217505,-0.003828332934530332,False
2024-11-05,104571.19629882103,0.0,0.0,104571.19629882103,0.0,139.69174194335938,4571.196298821036,0.0,932.4350821217505,-0.003828332934530332,False
2024-11-06,104571.19629882103,0.0,0.0,104571.19629882103,0.0,145.38282775878906,4571.196298821036,0.0,932.4350821217505,-0.003828332934530332,False
2024-11-07,104571.19629882103,0.0,0.0,104571.19629882103,0.0,148.6477508544922,4571.196298821036,0.0,932.4350821217505,-0.003828332934530332,False
2024-11-08,104571.19629882103,0.0,0.0,104571.19629882103,0.0,147.399658203125,4571.196298821036,0.0,932.4350821217505,-0.003828332934530332,False
2024-11-11,104571.19629882103,0.0,0.0,104571.19629882103,0.0,145.03338623046875,4571.196298821036,0.0,932.4350821217505,-0.003828332934530332,False
2024-11-12,104571.19629882103,0.0,0.0,104571.19629882103,0.0,148.0586395263672,4571.196298821036,0.0,932.4350821217505,-0.003828332934530332,False
2024-11-13,104571.19629882103,0.0,0.0,104571.19629882103,0.0,146.0417938232422,4571.196298821036,0.0,932.4350821217505,-0.003828332934530332,False
2024-11-14,104571.19629882103,0.0,0.0,104571.19629882103,0.0,146.53103637695312,4571.196298821036,0.0,932.4350821217505,-0.003828332934530332,False
2024-11-15,104571.19629882103,0.0,0.0,104571.19629882103,0.0,141.7584991455078,4571.196298821036,0.0,932.4350821217505,-0.003828332934530332,False
2024-11-18,104571.19629882103,0.0,0.0,104571.19629882103,0.0,139.9313507080078,4571.196298821036,0.0,932.4350821217505,-0.003828332934530332,False
2024-11-19,104571.19629882103,0.0,0.0,104571.19629882103,0.0,146.78065490722656,4571.196298821036,0.0,932.4350821217505,-0.003828332934530332,False
2024-11-20,104571.19629882103,0.0,0.0,104571.19629882103,0.0,145.6623992919922,4571.196298821036,0.0,932.4350821217505,-0.003828332934530332,False
2024-11-21,104571.19629882103,0.0,0.0,104571.19629882103,0.0,146.44119262695312,4571.196298821036,0.0,932.4350821217505,-0.003828332934530332,False
2024-11-22,104571.19629882103,0.0,0.0,104571.19629882103,0.0,141.72854614257812,4571.196298821036,0.0,932.4350821217505,-0.003828332934530332,False
2024-11-25,104571.19629882103,0.0,0.0,104571.19629882103,0.0,135.80780029296875,4571.196298821036,0.0,932.4350821217505,-0.003828332934530332,False
2024-11-26,104571.19629882103,0.0,0.0,104571.19629882103,0.0,136.70639038085938,4571.196298821036,0.0,932.4350821217505,-0.003828332934530332,False
2024-11-27,104571.19629882103,0.0,0.0,104571.19629882103,0.0,135.1288604736328,4571.196298821036,0.0,932.4350821217505,-0.003828332934530332,False
2024-11-29,104571.19629882103,0.0,0.0,104571.19629882103,0.0,138.03431701660156,4571.196298821036,0.0,932.4350821217505,-0.003828332934530332,False
2024-12-02,104571.19629882103,0.0,0.0,104571.19629882103,0.0,138.41372680664062,4571.196298821036,0.0,932.4350821217505,-0.003828332934530332,False
2024-12-03,104571.19629882103,0.0,0.0,104571.19629882103,0.0,140.04116821289062,4571.196298821036,0.0,932.4350821217505,-0.003828332934530332,False
2024-12-04,104571.19629882103,0.0,0.0,104571.19629882103,0.0,144.9135284423828,4571.196298821036,0.0,932.4350821217505,-0.003828332934530332,False
2024-12-05,104571.19629882103,0.0,0.0,104571.19629882103,0.0,144.84368896484375,4571.196298821036,0.0,932.4350821217505,-0.003828332934530332,False
2024-12-06,104571.19629882103,0.0,0.0,104571.19629882103,0.0,142.2275848388672,4571.196298821036,0.0,932.4350821217505,-0.003828332934530332,False
2024-12-09,104571.19629882103,0.0,0.0,104571.19629882103,0.0,138.6029815673828,4571.196298821036,0.0,932.4350821217505,-0.003828332934530332,False
2024-12-10,104571.19629882103,0.0,0.0,104571.19629882103,0.0,134.86859130859375,4571.196298821036,0.0,932.4350821217505,-0.003828332934530332,False
2024-12-11,104571.19629882103,0.0,0.0,104571.19629882103,0.0,139.1022491455078,4571.196298821036,0.0,932.4350821217505,-0.003828332934530332,False
2024-12-12,104571.19629882103,0.0,0.0,104571.19629882103,0.0,137.13519287109375,4571.196298821036,0.0,932.4350821217505,-0.003828332934530332,False
2024-12-13,104571.19629882103,0.0,0.0,104571.19629882103,0.0,134.0498046875,4571.196298821036,0.0,932.4350821217505,-0.003828332934530332,False
2024-12-16,104571.19629882103,0.0,0.0,104571.19629882103,0.0,131.80313110351562,4571.196298821036,0.0,932.4350821217505,-0.003828332934530332,False
2024-12-17,104571.19629882103,0.0,0.0,104571.19629882103,0.0,130.19554138183594,4571.196298821036,0.0,932.4350821217505,-0.003828332934530332,False
2024-12-18,104571.19629882103,0.0,0.0,104571.19629882103,0.0,128.71775817871094,4571.196298821036,0.0,932.4350821217505,-0.003828332934530332,False
2024-12-19,104571.19629882103,0.0,0.0,104571.19629882103,0.0,130.485107421875,4571.196298821036,0.0,932.4350821217505,-0.003828332934530332,False
2024-12-20,104571.19629882103,0.0,0.0,104571.19629882103,0.0,134.49913024902344,4571.196298821036,0.0,932.4350821217505,-0.003828332934530332,False
2024-12-23,104571.19629882103,0.0,0.0,104571.19629882103,0.0,139.46170043945312,4571.196298821036,0.0,932.4350821217505,-0.003828332934530332,False
2024-12-24,104571.19629882103,0.0,0.0,104571.19629882103,0.0,140.01089477539062,4571.196298821036,0.0,932.4350821217505,-0.003828332934530332,False
2024-12-26,104571.19629882103,0.0,0.0,104571.19629882103,0.0,139.7213134765625,4571.196298821036,0.0,932.4350821217505,-0.003828332934530332,False
2024-12-27,104571.19629882103,0.0,0.0,104571.19629882103,0.0,136.8056640625,4571.196298821036,0.0,932.4350821217505,-0.003828332934530332,False
2024-12-30,104571.19629882103,0.0,0.0,104571.19629882103,0.0,137.2849578857422,4571.196298821036,0.0,932.4350821217505,-0.003828332934530332,False
2024-12-31,104571.19629882103,0.0,0.0,104571.19629882103,0.0,134.0897216796875,4571.196298821036,0.0,932.4350821217505,-0.003828332934530332,False
2025-01-02,104571.19629882103,0.0,0.0,104571.19629882103,0.0,138.10372924804688,4571.196298821036,0.0,932.4350821217505,-0.003828332934530332,False
2025-01-03,104571.19629882103,0.0,0.0,104571.19629882103,0.0,144.25454711914062,4571.196298821036,0.0,932.4350821217505,-0.003828332934530332,False
2025-01-06,104571.19629882103,0.0,0.0,104571.19629882103,0.0,149.2071533203125,4571.196298821036,0.0,932.4350821217505,-0.003828332934530332,False
2025-01-07,104571.19629882103,0.0,0.0,104571.19629882103,0.0,139.93101501464844,4571.196298821036,0.0,932.4350821217505,-0.003828332934530332,False
2025-01-08,104571.19629882103,0.0,0.0,104571.19629882103,0.0,139.90106201171875,4571.196298821036,0.0,932.4350821217505,-0.003828332934530332,False
2025-01-10,104571.19629882103,0.0,0.0,104571.19629882103,0.0,135.7073211669922,4571.196298821036,0.0,932.4350821217505,-0.003828332934530332,False
2025-01-13,104571.19629882103,0.0,0.0,104571.19629882103,0.0,133.0312957763672,4571.196298821036,0.0,932.4350821217505,-0.003828332934530332,False
2025-01-14,104571.19629882103,0.0,0.0,104571.19629882103,0.0,131.56349182128906,4571.196298821036,0.0,932.4350821217505,-0.003828332934530332,False
2025-01-15,104571.19629882103,0.0,0.0,104571.19629882103,0.0,136.0368194580078,4571.196298821036,0.0,932.4350821217505,-0.003828332934530332,False
2025-01-16,104571.19629882103,0.0,0.0,104571.19629882103,0.0,133.37081909179688,4571.196298821036,0.0,932.4350821217505,-0.003828332934530332,False
2025-01-17,104571.19629882103,0.0,0.0,104571.19629882103,0.0,137.504638671875,4571.196298821036,0.0,932.4350821217505,-0.003828332934530332,False
2025-01-21,104571.19629882103,0.0,0.0,104571.19629882103,0.0,140.61996459960938,4571.196298821036,0.0,932.4350821217505,-0.003828332934530332,False
2025-01-22,104414.57443716528,0.9999999999999999,-0.0014977533699450651,1.4551915228366852e-11,711.0254867166607,146.85067749023438,4414.574437165288,0.0,1089.0569437774984,-0.005320352405921436,False
2025-01-23,104364.30125405709,0.0,-0.00048147668444931124,104364.30125405709,0.0,147.00047302246094,4364.301254057099,0.0,1245.8385680950605,-0.005799267464734248,False
2025-01-24,104364.30125405709,0.0,0.0,104364.30125405709,0.0,142.40731811523438,4364.301254057099,0.0,1245.8385680950605,-0.005799267464734248,False
2025-01-27,104364.30125405709,0.0,0.0,104364.30125405709,0.0,118.24340057373048,4364.301254057099,0.0,1245.8385680950605,-0.005799267464734248,False
2025-01-28,104364.30125405709,0.0,0.0,104364.30125405709,0.0,128.79763793945312,4364.301254057099,0.0,1245.8385680950605,-0.005799267464734248,False
2025-01-29,104364.30125405709,0.0,0.0,104364.30125405709,0.0,123.5155258178711,4364.301254057099,0.0,1245.8385680950605,-0.005799267464734248,False
2025-01-30,104364.30125405709,0.0,0.0,104364.30125405709,0.0,124.46410369873048,4364.301254057099,0.0,1245.8385680950605,-0.005799267464734248,False
2025-01-31,104364.30125405709,0.0,0.0,104364.30125405709,0.0,119.89093780517578,4364.301254057099,0.0,1245.8385680950605,-0.005799267464734248,False
2025-02-03,104364.30125405709,0.0,0.0,104364.30125405709,0.0,116.48603057861328,4364.301254057099,0.0,1245.8385680950605,-0.005799267464734248,False
2025-02-04,104364.30125405709,0.0,0.0,104364.30125405709,0.0,118.47306060791016,4364.301254057099,0.0,1245.8385680950605,-0.005799267464734248,False
2025-02-05,104364.30125405709,0.0,0.0,104364.30125405709,0.0,124.6438446044922,4364.301254057099,0.0,1245.8385680950605,-0.005799267464734248,False
2025-02-06,104364.30125405709,0.0,0.0,104364.30125405709,0.0,128.4880828857422,4364.301254057099,0.0,1245.8385680950605,-0.005799267464734248,False
2025-02-07,104364.30125405709,0.0,0.0,104364.30125405709,0.0,129.6463623046875,4364.301254057099,0.0,1245.8385680950605,-0.005799267464734248,False
2025-02-10,104364.30125405709,0.0,0.0,104364.30125405709,0.0,133.37081909179688,4364.301254057099,0.0,1245.8385680950605,-0.005799267464734248,False
2025-02-11,104364.30125405709,0.0,0.0,104364.30125405709,0.0,132.60195922851562,4364.301254057099,0.0,1245.8385680950605,-0.005799267464734248,False
2025-02-12,104364.30125405709,0.0,0.0,104364.30125405709,0.0,130.94444274902344,4364.301254057099,0.0,1245.8385680950605,-0.005799267464734248,False
2025-02-13,104364.30125405709,0.0,0.0,104364.30125405709,0.0,135.08824157714844,4364.301254057099,0.0,1245.8385680950605,-0.005799267464734248,False
2025-02-14,104364.30125405709,0.0,0.0,104364.30125405709,0.0,138.64292907714844,4364.301254057099,0.0,1245.8385680950605,-0.005799267464734248,False
2025-02-18,104364.30125405709,0.0,0.0,104364.30125405709,0.0,139.1920928955078,4364.301254057099,0.0,1245.8385680950605,-0.005799267464734248,False
2025-02-19,104364.30125405709,0.0,0.0,104364.30125405709,0.0,139.02235412597656,4364.301254057099,0.0,1245.8385680950605,-0.005799267464734248,False
2025-02-20,104364.30125405709,0.0,0.0,104364.30125405709,0.0,139.90106201171875,4364.301254057099,0.0,1245.8385680950605,-0.005799267464734248,False
2025-02-21,104364.30125405709,0.0,0.0,104364.30125405709,0.0,134.2295379638672,4364.301254057099,0.0,1245.8385680950605,-0.005799267464734248,False
2025-02-24,104364.30125405709,0.0,0.0,104364.30125405709,0.0,130.08572387695312,4364.301254057099,0.0,1245.8385680950605,-0.005799267464734248,False
2025-02-25,104207.98927015187,0.9999999999999999,-0.0014977533699450651,1.4551915228366852e-11,824.1620063229358,126.44114685058594,4207.989270151871,0.0,1402.1505520002884,-0.0072883349622907545,False
2025-02-26,109254.26115055897,0.0,0.04842499999999994,109254.26115055897,0.0,131.084228515625,9254.26115055897,0.0,1566.2781351007775,0.0,False
2025-02-27,109254.26115055897,0.0,0.0,109254.26115055897,0.0,119.97081756591795,9254.26115055897,0.0,1566.2781351007775,0.0,False
2025-02-28,109254.26115055897,0.0,0.0,109254.26115055897,0.0,124.73370361328124,9254.26115055897,0.0,1566.2781351007775,0.0,False
2025-03-03,109254.26115055897,0.0,0.0,109254.26115055897,0.0,113.88990020751952,9254.26115055897,0.0,1566.2781351007775,0.0,False
2025-03-04,109254.26115055897,0.0,0.0,109254.26115055897,0.0,115.81702423095705,9254.26115055897,0.0,1566.2781351007775,0.0,False
2025-03-05,109254.26115055897,0.0,0.0,109254.26115055897,0.0,117.12507629394533,9254.26115055897,0.0,1566.2781351007775,0.0,False
2025-03-06,109254.26115055897,0.0,0.0,109254.26115055897,0.0,110.40511322021484,9254.26115055897,0.0,1566.2781351007775,0.0,False
2025-03-07,109254.26115055897,0.0,0.0,109254.26115055897,0.0,112.5219497680664,9254.26115055897,0.0,1566.2781351007775,0.0,False
2025-03-10,109254.26115055897,0.0,0.0,109254.26115055897,0.0,106.8204574584961,9254.26115055897,0.0,1566.2781351007775,0.0,False
2025-03-11,109254.26115055897,0.0,0.0,109254.26115055897,0.0,108.59780883789062,9254.26115055897,0.0,1566.2781351007775,0.0,False
2025-03-12,109254.26115055897,0.0,0.0,109254.26115055897,0.0,115.5780258178711,9254.26115055897,0.0,1566.2781351007775,0.0,False
2025-03-13,109254.26115055897,0.0,0.0,109254.26115055897,0.0,115.41825103759766,9254.26115055897,0.0,1566.2781351007775,0.0,False
2025-03-14,109254.26115055897,0.0,0.0,109254.26115055897,0.0,121.49972534179688,9254.26115055897,0.0,1566.2781351007775,0.0,False
2025-03-17,109254.26115055897,0.0,0.0,109254.26115055897,0.0,119.36271667480467,9254.26115055897,0.0,1566.2781351007775,0.0,False
2025-03-18,109254.26115055897,0.0,0.0,109254.26115055897,0.0,115.26846313476562,9254.26115055897,0.0,1566.2781351007775,0.0,False
2025-03-19,109254.26115055897,0.0,0.0,109254.26115055897,0.0,117.35552978515624,9254.26115055897,0.0,1566.2781351007775,0.0,False
2025-03-20,109254.26115055897,0.0,0.0,109254.26115055897,0.0,118.36412048339844,9254.26115055897,0.0,1566.2781351007775,0.0,False
2025-03-21,109254.26115055897,0.0,0.0,109254.26115055897,0.0,117.5352783203125,9254.26115055897,0.0,1566.2781351007775,0.0,False
2025-03-24,109254.26115055897,0.0,0.0,109254.26115055897,0.0,121.24009704589844,9254.26115055897,0.0,1566.2781351007775,0.0,False
2025-03-25,109254.26115055897,0.0,0.0,109254.26115055897,0.0,120.5210952758789,9254.26115055897,0.0,1566.2781351007775,0.0,False
2025-03-26,109254.26115055897,0.0,0.0,109254.26115055897,0.0,113.60079956054688,9254.26115055897,0.0,1566.2781351007775,0.0,False
2025-03-27,109254.26115055897,0.0,0.0,109254.26115055897,0.0,111.27406311035156,9254.26115055897,0.0,1566.2781351007775,0.0,False
2025-03-28,109254.26115055897,0.0,0.0,109254.26115055897,0.0,109.51652526855467,9254.26115055897,0.0,1566.2781351007775,0.0,False
2025-03-31,109254.26115055897,0.0,0.0,109254.26115055897,0.0,108.22832489013672,9254.26115055897,0.0,1566.2781351007775,0.0,False
2025-04-01,109254.26115055897,0.0,0.0,109254.26115055897,0.0,109.99585723876952,9254.26115055897,0.0,1566.2781351007775,0.0,False
2025-04-02,109254.26115055897,0.0,0.0,109254.26115055897,0.0,110.26546478271484,9254.26115055897,0.0,1566.2781351007775,0.0,False
2025-04-03,109254.26115055897,0.0,0.0,109254.26115055897,0.0,101.65754699707033,9254.26115055897,0.0,1566.2781351007775,0.0,False
2025-04-04,109254.26115055897,0.0,0.0,109254.26115055897,0.0,94.17801666259766,9254.26115055897,0.0,1566.2781351007775,0.0,False
2025-04-07,109254.26115055897,0.0,0.0,109254.26115055897,0.0,97.50334930419922,9254.26115055897,0.0,1566.2781351007775,0.0,False
2025-04-08,109254.26115055897,0.0,0.0,109254.26115055897,0.0,96.1652374267578,9254.26115055897,0.0,1566.2781351007775,0.0,False
2025-04-09,109254.26115055897,0.0,0.0,109254.26115055897,0.0,114.17000579833984,9254.26115055897,0.0,1566.2781351007775,0.0,False
2025-04-10,109254.26115055897,0.0,0.0,109254.26115055897,0.0,107.4194564819336,9254.26115055897,0.0,1566.2781351007775,0.0,False
2025-04-11,109254.26115055897,0.0,0.0,109254.26115055897,0.0,110.77476501464844,9254.26115055897,0.0,1566.2781351007775,0.0,False
2025-04-14,109254.26115055897,0.0,0.0,109254.26115055897,0.0,110.55506896972656,9254.26115055897,0.0,1566.2781351007775,0.0,False
2025-04-15,109254.26115055897,0.0,0.0,109254.26115055897,0.0,112.04297637939452,9254.26115055897,0.0,1566.2781351007775,0.0,False
2025-04-16,109254.26115055897,0.0,0.0,109254.26115055897,0.0,104.3437728881836,9254.26115055897,0.0,1566.2781351007775,0.0,False
2025-04-17,109254.26115055897,0.0,0.0,109254.26115055897,0.0,101.34796142578124,9254.26115055897,0.0,1566.2781351007775,0.0,False
2025-04-21,109254.26115055897,0.0,0.0,109254.26115055897,0.0,96.77438354492188,9254.26115055897,0.0,1566.2781351007775,0.0,False
2025-04-22,109254.26115055897,0.0,0.0,109254.26115055897,0.0,98.75160217285156,9254.26115055897,0.0,1566.2781351007775,0.0,False
2025-04-23,109254.26115055897,0.0,0.0,109254.26115055897,0.0,102.5662612915039,9254.26115055897,0.0,1566.2781351007775,0.0,False
2025-04-24,109254.26115055897,0.0,0.0,109254.26115055897,0.0,106.2810516357422,9254.26115055897,0.0,1566.2781351007775,0.0,False
2025-04-25,109254.26115055897,0.0,0.0,109254.26115055897,0.0,110.85465240478516,9254.26115055897,0.0,1566.2781351007775,0.0,False
2025-04-28,109254.26115055897,0.0,0.0,109254.26115055897,0.0,108.57784271240234,9254.26115055897,0.0,1566.2781351007775,0.0,False
2025-04-29,109254.26115055897,0.0,0.0,109254.26115055897,0.0,108.86742401123048,9254.26115055897,0.0,1566.2781351007775,0.0,False
2025-04-30,109254.26115055897,0.0,0.0,109254.26115055897,0.0,108.76756286621094,9254.26115055897,0.0,1566.2781351007775,0.0,False
2025-05-01,109254.26115055897,0.0,0.0,109254.26115055897,0.0,111.45380401611328,9254.26115055897,0.0,1566.2781351007775,0.0,False
2025-05-02,109254.26115055897,0.0,0.0,109254.26115055897,0.0,114.33976745605467,9254.26115055897,0.0,1566.2781351007775,0.0,False
2025-05-05,109254.26115055897,0.0,0.0,109254.26115055897,0.0,113.66071319580078,9254.26115055897,0.0,1566.2781351007775,0.0,False
2025-05-06,109254.26115055897,0.0,0.0,109254.26115055897,0.0,113.38111114501952,9254.26115055897,0.0,1566.2781351007775,0.0,False
2025-05-07,109254.26115055897,0.0,0.0,109254.26115055897,0.0,116.89617919921876,9254.26115055897,0.0,1566.2781351007775,0.0,False
2025-05-08,109254.26115055897,0.0,0.0,109254.26115055897,0.0,117.20575714111328,9254.26115055897,0.0,1566.2781351007775,0.0,False
2025-05-09,109254.26115055897,0.0,0.0,109254.26115055897,0.0,116.48676300048828,9254.26115055897,0.0,1566.2781351007775,0.0,False
2025-05-12,109090.62521273986,1.0,-0.0014977533699450651,0.0,888.1586004879617,122.82786560058594,9090.62521273986,0.0,1729.9140729198873,-0.0014977533699450651,False
2025-05-13,114373.33873866677,0.0,0.04842499999999994,114373.33873866677,0.0,129.74815368652344,14373.338738666782,0.0,1901.7318076299525,0.0,False
2025-05-14,114202.03568513907,0.9999999999999999,-0.0014977533699450651,1.4551915228366852e-11,844.9983358974841,135.15060424804688,14202.035685139073,0.0,2073.034861157661,-0.0014977533699450651,False
2025-05-15,113771.6713898573,0.9999999999999999,-0.0037684467943136513,1.4551915228366852e-11,844.9983358974841,134.64129638671875,14202.035685139073,-430.36429528177223,2073.034861157661,-0.0052605559603731145,False
2025-05-16,114252.65616040051,0.9999999999999999,0.004227632104436774,1.4551915228366852e-11,844.9983358974841,135.21051025390625,14202.035685139073,50.62047526143681,2073.034861157661,-0.001055163551201499,False
2025-05-19,114224.52963341707,0.0,-0.00024617832030049414,114224.52963341707,0.0,135.3802947998047,14224.529633417082,0.0,2244.62904688638,-0.001301082113111307,False
2025-05-20,114224.52963341707,0.0,0.0,114224.52963341707,0.0,134.1919403076172,14224.529633417082,0.0,2244.62904688638,-0.001301082113111307,False
2025-05-21,114053.44945922823,1.0,-0.0014977533699450651,0.0,866.5651231288577,131.6155548095703,14053.449459228239,0.0,2415.709221075222,-0.0027968867829369914,False
2025-05-22,114772.35038988467,0.0,0.006303193231463222,114772.35038988467,0.0,132.6441192626953,14772.350389884676,0.0,2588.126372387017,0.0,False
2025-05-23,114772.35038988467,0.0,0.0,114772.35038988467,0.0,131.1062469482422,14772.350389884676,0.0,2588.126372387017,0.0,False
2025-05-27,114772.35038988467,0.0,0.0,114772.35038988467,0.0,135.3103790283203,14772.350389884676,0.0,2588.126372387017,0.0,False
2025-05-28,114600.4497153117,1.0,-0.0014977533699450651,0.0,851.2800756587604,134.62132263183594,14600.449715311708,0.0,2760.0270469599845,-0.0014977533699450651,False
2025-05-29,120743.72030096296,0.0,0.053605990211314625,120743.72030096296,0.0,138.9951934814453,20743.720300962967,0.0,2941.4147089043454,0.0,False
2025-05-30,120562.87598698249,0.9999999999999998,-0.0014977533699450651,2.9103830456733704e-11,893.4495560554834,134.94088745117188,20562.875986982493,0.0,3122.259022884819,-0.0014977533699450651,False
2025-06-02,122386.47360504665,0.0,0.015125697716941167,122386.47360504665,0.0,137.187744140625,22386.473605046638,0.0,3306.1145165328608,0.0,False
2025-06-03,122203.16885176899,1.0,-0.0014977533699450651,0.0,866.5515702393435,141.0223846435547,22203.168851768984,0.0,3489.4192698105144,-0.0014977533699450651,False
2025-06-04,122624.66630017855,0.0,0.0034491531796596586,122624.66630017855,0.0,141.72137451171875,22624.66630017853,0.0,3673.6325892399263,0.0,False
2025-06-05,122441.00479298907,0.9999999999999999,-0.0014977533699450651,1.4551915228366852e-11,875.8668641711994,139.79408264160156,22441.004792989046,0.0,3857.29409642941,-0.0014977533699450651,False
2025-06-06,123768.20789973479,0.0,0.010839531323592277,123768.20789973479,0.0,141.52166748046875,23768.20789973476,0.0,4043.225305092006,0.0,False
2025-06-09,123768.20789973479,0.0,0.0,123768.20789973479,0.0,142.430419921875,23768.20789973476,0.0,4043.225305092006,0.0,False
2025-06-10,123768.20789973479,0.0,0.0,123768.20789973479,0.0,143.758544921875,23768.20789973476,0.0,4043.225305092006,0.0,False
2025-06-11,123768.20789973479,0.0,0.0,123768.20789973479,0.0,142.64002990722656,23768.20789973476,0.0,4043.225305092006,0.0,False
2025-06-12,123768.20789973479,0.0,0.0,123768.20789973479,0.0,144.80712890625,23768.20789973476,0.0,4043.225305092006,0.0,False
2025-06-13,123768.20789973479,0.0,0.0,123768.20789973479,0.0,141.78115844726562,23768.20789973476,0.0,4043.225305092006,0.0,False
2025-06-16,123768.20789973479,0.0,0.0,123768.20789973479,0.0,144.49754333496094,23768.20789973476,0.0,4043.225305092006,0.0,False
2025-06-17,123768.20789973479,0.0,0.0,123768.20789973479,0.0,143.92828369140625,23768.20789973476,0.0,4043.225305092006,0.0,False
2025-06-18,123768.20789973479,0.0,0.0,123768.20789973479,0.0,145.2864990234375,23768.20789973476,0.0,4043.225305092006,0.0,False
2025-06-20,123582.8336492609,1.0,-0.0014977533699450651,0.0,860.2532759582889,143.65866088867188,23582.83364926087,0.0,4228.599555565897,-0.0014977533699450651,False
2025-06-23,123671.9537214777,0.0,0.0007211363389654224,123671.9537214777,0.0,143.9782257080078,23671.953721477665,0.0,4414.386166063861,-0.0007776971153615753,False
2025-06-24,123671.9537214777,0.0,0.0,123671.9537214777,0.0,147.70326232910156,23671.953721477665,0.0,4414.386166063861,-0.0007776971153615753,False
2025-06-25,123486.72363602366,1.0,-0.0014977533699450651,0.0,801.3168613655816,154.104736328125,23486.723636023627,0.0,4599.616251517897,-0.002274285686831301,False
2025-06-26,124054.91813290564,1.0,0.004601259796613855,0.0,801.3168613655816,154.81381225585938,23486.723636023627,568.1944968819973,4599.616251517897,0.0,False
2025-06-27,126239.5874579733,1.0,0.017610501525841427,0.0,801.3168613655816,157.5401611328125,23486.723636023627,2752.863821949654,4599.616251517897,0.0,False
2025-06-30,126431.66336396684,1.0,0.0015215188029467086,0.0,801.3168613655816,157.7798614501953,23486.723636023627,2944.939727943183,4599.616251517897,0.0,False
2025-07-01,121192.33523416406,0.0,-0.04144000000000003,121192.33523416406,0.0,153.09609985351562,21192.33523416403,0.0,4781.677846762009,-0.04144000000000003,False
2025-07-02,121192.33523416406,0.0,0.0,121192.33523416406,0.0,157.0408477783203,21192.33523416403,0.0,4781.677846762009,-0.04144000000000003,False
2025-07-03,121192.33523416406,0.0,0.0,121192.33523416406,0.0,159.12806701660156,21192.33523416403,0.0,4781.677846762009,-0.04144000000000003,False
2025-07-07,121192.33523416406,0.0,0.0,121192.33523416406,0.0,158.02952575683594,21192.33523416403,0.0,4781.677846762009,-0.04144000000000003,False
2025-07-08,121192.33523416406,0.0,0.0,121192.33523416406,0.0,159.78717041015625,21192.33523416403,0.0,4781.677846762009,-0.04144000000000003,False
2025-07-09,121010.81900565558,0.9999999999999999,-0.0014977533699450651,1.4551915228366852e-11,743.9340891672944,162.66336059570312,21010.819005655547,0.0,4963.194075270492,-0.042875686470294494,False
2025-07-10,121734.3290811619,0.0,0.005978887519739073,121734.3290811619,0.0,163.88172912597656,21734.329081161868,0.0,5146.069882603234,-0.037153147857292956,False
2025-07-11,121552.00107954258,1.0,-0.0014977533699450651,0.0,738.0178604746885,164.70062255859375,21552.001079542555,0.0,5328.397884222548,-0.03859525497483074,False
2025-07-14,120744.13769906777,0.0,-0.006646236781788106,120744.13769906777,0.0,163.8517608642578,20744.137699067753,0.0,5509.786173204623,-0.044984978553402666,False
2025-07-15,120563.29275992788,0.9999999999999998,-0.0014977533699450651,2.9103830456733704e-11,707.2283049641569,170.4729461669922,20563.29275992786,0.0,5690.631112344515,-0.04641535552012244,False
2025-07-16,120854.95376253576,0.0,0.002419152595547036,120854.95376253576,0.0,171.14205932617188,20854.953762535737,0.0,5872.185875132501,-0.04410848875235518,False
2025-07-17,120854.95376253576,0.0,0.0,120854.95376253576,0.0,172.76988220214844,20854.953762535737,0.0,5872.185875132501,-0.04410848875235518,False
2025-07-18,120854.95376253576,0.0,0.0,120854.95376253576,0.0,172.18067932128906,20854.953762535737,0.0,5872.185875132501,-0.04410848875235518,False
2025-07-21,120854.95376253576,0.0,0.0,120854.95376253576,0.0,171.1520538330078,20854.953762535737,0.0,5872.185875132501,-0.04410848875235518,False
2025-07-22,120673.94284826337,1.0,-0.0014977533699450651,0.0,723.4309220489752,166.80783081054688,20673.94284826334,0.0,6053.196789404896,-0.04554017848462821,False
2025-07-23,123198.12435890261,0.0,0.020917369989420065,123198.12435890261,0.0,170.55284118652344,23198.124358902587,0.0,6238.271588141354,-0.02557538925795544,False
2025-07-24,123198.12435890261,0.0,0.0,123198.12435890261,0.0,173.50892639160156,23198.124358902587,0.0,6238.271588141354,-0.02557538925795544,False
2025-07-25,123198.12435890261,0.0,0.0,123198.12435890261,0.0,173.26922607421875,23198.124358902587,0.0,6238.271588141354,-0.02557538925795544,False
2025-07-28,123198.12435890261,0.0,0.0,123198.12435890261,0.0,176.51490783691406,23198.124358902587,0.0,6238.271588141354,-0.02557538925795544,False
2025-07-29,123198.12435890261,0.0,0.0,123198.12435890261,0.0,175.27655029296875,23198.124358902587,0.0,6238.271588141354,-0.02557538925795544,False
2025-07-30,123013.60395297315,1.0,-0.0014977533699450651,0.0,687.1057106787284,179.03155517578125,23013.603952973128,0.0,6422.791994070814,-0.027034837002451795,False
2025-07-31,122052.93924871793,1.0,-0.007809418417027092,0.0,687.1057106787284,177.6334228515625,23013.603952973128,-960.6647042552265,6422.791994070814,-0.03463312906549054,False
2025-08-01,119205.23961195978,1.0,-0.02333167602752395,0.0,687.1057106787284,173.4889373779297,23013.603952973128,-3808.364341013367,6422.791994070814,-0.05715675614583904,False
2025-08-04,123329.24540868904,0.0,0.03459584335515653,123329.24540868904,0.0,179.7605743408203,23329.245408689007,0.0,6608.063769847513,-0.024538298972992867,False
2025-08-05,123329.24540868904,0.0,0.0,123329.24540868904,0.0,178.0229034423828,23329.245408689007,0.0,6608.063769847513,-0.024538298972992867,False
2025-08-06,123329.24540868904,0.0,0.0,123329.24540868904,0.0,179.18133544921875,23329.245408689007,0.0,6608.063769847513,-0.024538298972992867,False
2025-08-07,123329.24540868904,0.0,0.0,123329.24540868904,0.0,180.5295562744141,23329.245408689007,0.0,6608.063769847513,-0.024538298972992867,False
2025-08-08,123329.24540868904,0.0,0.0,123329.24540868904,0.0,182.4569854736328,23329.245408689007,0.0,6608.063769847513,-0.024538298972992867,False
2025-08-11,123329.24540868904,0.0,0.0,123329.24540868904,0.0,181.81784057617188,23329.245408689007,0.0,6608.063769847513,-0.024538298972992867,False
2025-08-12,123329.24540868904,0.0,0.0,123329.24540868904,0.0,182.9163818359375,23329.245408689007,0.0,6608.063769847513,-0.024538298972992867,False
2025-08-13,123144.52861576539,0.9999999999999999,-0.0014977533699450651,1.4551915228366852e-11,679.0491920567129,181.3484649658203,23144.528615765357,0.0,6792.780562771161,-0.02599930002295836,False
2025-08-14,123250.97722338395,0.0,0.0008644201152507858,123250.97722338395,0.0,181.77789306640625,23250.977223383914,0.0,6977.934759901934,-0.025157354225629813,False
2025-08-15,123066.37765689859,0.9999999999999999,-0.0014977533699451762,1.4551915228366852e-11,682.9054075371619,180.20999145507812,23066.377656898567,0.0,7162.534326387282,-0.026617428083504646,False
2025-08-18,123944.08542173238,0.0,0.007131986668859058,123944.08542173238,0.0,181.7678985595703,23944.08542173235,0.0,7348.729747651777,-0.01967527655689627,False
2025-08-19,123758.44775010723,0.9999999999999999,-0.0014977533699450651,1.4551915228366852e-11,705.5526861624983,175.40638732910156,23758.44775010719,0.0,7534.367419276938,-0.02114356121507366,False
2025-08-20,123589.3373131834,0.9999999999999999,-0.001366455704626346,1.4551915228366852e-11,705.5526861624983,175.1667022705078,23758.44775010719,-169.1104369238361,7534.367419276938,-0.02248112517986156,False
2025-08-21,123108.45395749382,0.0,-0.0038909777019920933,123108.45395749382,0.0,174.74725341796875,23108.453957493788,0.0,7719.307510349788,-0.026284629325063036,False
2025-08-22,123108.45395749382,0.0,0.0,123108.45395749382,0.0,177.7532501220703,23108.453957493788,0.0,7719.307510349788,-0.026284629325063036,False
2025-08-25,123108.45395749382,0.0,0.0,123108.45395749382,0.0,179.57083129882812,23108.453957493788,0.0,7719.307510349788,-0.026284629325063036,False
2025-08-26,122924.06785571027,0.9999999999999998,-0.0014977533699450651,2.9103830456733704e-11,677.1622722016856,181.5282287597656,22924.067855710222,0.0,7903.693612133353,-0.02774301480285868,False
2025-08-27,122624.89283975199,0.0,-0.002433819683785976,122624.89283975199,0.0,181.35845947265625,22624.892839751945,0.0,8087.907271882605,-0.030109312991129955,False
2025-08-28,122624.89283975199,0.0,0.0,122624.89283975199,0.0,179.93035888671875,22624.892839751945,0.0,8087.907271882605,-0.030109312991129955,False
2025-08-29,122624.89283975199,0.0,0.0,122624.89283975199,0.0,173.9483184814453,22624.892839751945,0.0,8087.907271882605,-0.030109312991129955,False
2025-09-02,122624.89283975199,0.0,0.0,122624.89283975199,0.0,170.55284118652344,22624.892839751945,0.0,8087.907271882605,-0.030109312991129955,False
2025-09-03,122624.89283975199,0.0,0.0,122624.89283975199,0.0,170.39306640625,22624.892839751945,0.0,8087.907271882605,-0.030109312991129955,False
2025-09-04,122624.89283975199,0.0,0.0,122624.89283975199,0.0,171.43167114257812,22624.892839751945,0.0,8087.907271882605,-0.030109312991129955,False
2025-09-05,122624.89283975199,0.0,0.0,122624.89283975199,0.0,166.7978515625,22624.892839751945,0.0,8087.907271882605,-0.030109312991129955,False
2025-09-08,122624.89283975199,0.0,0.0,122624.89283975199,0.0,168.0861358642578,22624.892839751945,0.0,8087.907271882605,-0.030109312991129955,False
2025-09-09,122624.89283975199,0.0,0.0,122624.89283975199,0.0,170.53286743164062,22624.892839751945,0.0,8087.907271882605,-0.030109312991129955,False
2025-09-10,122624.89283975199,0.0,0.0,122624.89283975199,0.0,177.09414672851562,22624.892839751945,0.0,8087.907271882605,-0.030109312991129955,False
2025-09-11,122624.89283975199,0.0,0.0,122624.89283975199,0.0,176.94432067871094,22624.892839751945,0.0,8087.907271882605,-0.030109312991129955,False
2025-09-12,122624.89283975199,0.0,0.0,122624.89283975199,0.0,177.59349060058594,22624.892839751945,0.0,8087.907271882605,-0.030109312991129955,False
2025-09-15,122624.89283975199,0.0,0.0,122624.89283975199,0.0,177.52357482910156,22624.892839751945,0.0,8087.907271882605,-0.030109312991129955,False
2025-09-16,122624.89283975199,0.0,0.0,122624.89283975199,0.0,174.65724182128906,22624.892839751945,0.0,8087.907271882605,-0.030109312991129955,False
2025-09-17,122624.89283975199,0.0,0.0,122624.89283975199,0.0,170.07308959960938,22624.892839751945,0.0,8087.907271882605,-0.030109312991129955,False
2025-09-18,122624.89283975199,0.0,0.0,122624.89283975199,0.0,176.01551818847656,22624.892839751945,0.0,8087.907271882605,-0.030109312991129955,False
2025-09-19,122624.89283975199,0.0,0.0,122624.89283975199,0.0,176.4449462890625,22624.892839751945,0.0,8087.907271882605,-0.030109312991129955,False
2025-09-22,122441.2309932621,1.0,-0.0014977533699450651,0.0,667.7053963378486,183.37612915039065,22441.230993262052,0.0,8271.569118372498,-0.03156197003607575,False
2025-09-23,117367.2663809013,0.0,-0.04144000000000014,117367.2663809013,0.0,178.2027130126953,17367.26638090126,0.0,8447.884491002795,-0.07169404199778096,False
2025-09-24,117367.2663809013,0.0,0.0,117367.2663809013,0.0,176.74456787109375,17367.26638090126,0.0,8447.884491002795,-0.07169404199778096,False
2025-09-25,117367.2663809013,0.0,0.0,117367.2663809013,0.0,177.4636688232422,17367.26638090126,0.0,8447.884491002795,-0.07169404199778096,False
2025-09-26,117367.2663809013,0.0,0.0,117367.2663809013,0.0,177.96302795410156,17367.26638090126,0.0,8447.884491002795,-0.07169404199778096,False
2025-09-29,117367.2663809013,0.0,0.0,117367.2663809013,0.0,181.61837768554688,17367.26638090126,0.0,8447.884491002795,-0.07169404199778096,False
2025-09-30,117191.47916215807,1.0,-0.0014977533699450651,0.0,628.9042246902847,186.3423309326172,17191.479162158023,0.0,8623.671709746031,-0.07308441537471888,False
2025-10-01,117606.04005245682,1.0,0.003537466147390589,0.0,628.9042246902847,187.0015106201172,17191.479162158023,414.5608902987716,8623.671709746031,-0.06980548287261823,False
2025-10-02,118464.44028709675,0.0,0.007298946841990839,118464.44028709675,0.0,188.64939880371097,18464.440287096717,0.0,8801.635315585436,-0.06301604253939419,False
2025-10-03,118464.44028709675,0.0,0.0,118464.44028709675,0.0,187.38099670410156,18464.440287096717,0.0,8801.635315585436,-0.06301604253939419,False
2025-10-06,118464.44028709675,0.0,0.0,118464.44028709675,0.0,185.30364990234375,18464.440287096717,0.0,8801.635315585436,-0.06301604253939419,False
2025-10-07,118464.44028709675,0.0,0.0,118464.44028709675,0.0,184.8042907714844,18464.440287096717,0.0,8801.635315585436,-0.06301604253939419,False
2025-10-08,118464.44028709675,0.0,0.0,118464.44028709675,0.0,188.86911010742188,18464.440287096717,0.0,8801.635315585436,-0.06301604253939419,False
2025-10-09,118287.00977243809,0.9999999999999999,-0.0014977533699450651,1.4551915228366852e-11,615.0380343655905,192.32470703125,18287.00977243806,0.0,8979.065830244093,-0.06441941341926527,False
2025-10-10,113385.19608746826,0.0,-0.04144000000000003,113385.19608746826,0.0,182.92669677734375,13385.19608746823,0.0,9149.399124316404,-0.10318987292717086,False
2025-10-13,113385.19608746826,0.0,0.0,113385.19608746826,0.0,188.0801239013672,13385.19608746823,0.0,9149.399124316404,-0.10318987292717086,False
2025-10-14,113385.19608746826,0.0,0.0,113385.19608746826,0.0,179.80067443847656,13385.19608746823,0.0,9149.399124316404,-0.10318987292717086,False
2025-10-15,113385.19608746826,0.0,0.0,113385.19608746826,0.0,179.60093688964844,13385.19608746823,0.0,9149.399124316404,-0.10318987292717086,False
2025-10-16,113385.19608746826,0.0,0.0,113385.19608746826,0.0,181.5784149169922,13385.19608746823,0.0,9149.399124316404,-0.10318987292717086,False
2025-10-17,113215.37302792637,0.9999999999999999,-0.0014977533699450651,1.4551915228366852e-11,618.7084839282916,182.9866180419922,13215.37302792634,0.0,9319.222183858294,-0.10453307331719508,False
2025-10-20,112687.69809537292,0.0,-0.004660806376739046,112687.69809537292,0.0,182.40736389160156,12687.698095372893,0.0,9488.507659214387,-0.10870667127923717,False
2025-10-21,112687.69809537292,0.0,0.0,112687.69809537292,0.0,180.9292449951172,12687.698095372893,0.0,9488.507659214387,-0.10870667127923717,False
2025-10-22,112687.69809537292,0.0,0.0,112687.69809537292,0.0,180.05035400390625,12687.698095372893,0.0,9488.507659214387,-0.10870667127923717,False
2025-10-23,112687.69809537292,0.0,0.0,112687.69809537292,0.0,181.9279632568359,12687.698095372893,0.0,9488.507659214387,-0.10870667127923717,False
2025-10-24,112687.69809537292,0.0,0.0,112687.69809537292,0.0,186.0227203369141,12687.698095372893,0.0,9488.507659214387,-0.10870667127923717,False
2025-10-27,112687.69809537292,0.0,0.0,112687.69809537292,0.0,191.24607849121097,12687.698095372893,0.0,9488.507659214387,-0.10870667127923717,False
2025-10-28,112518.91971579922,1.0000000000000002,-0.0014977533699451762,-1.4551915228366852e-11,560.4259154994637,200.77394104003903,12518.919715799193,0.0,9657.286038788086,-0.11004160886593839,False
2025-10-29,117967.6484030368,0.0,0.04842500000000016,117967.6484030368,0.0,206.7762756347656,17967.64840303678,0.0,9834.50333734047,-0.06694537377527132,False
2025-10-30,117790.96196009665,1.0,-0.0014977533699450651,0.0,581.3060967227099,202.63156127929688,17790.961960096633,0.0,10011.189780280614,-0.06834285948604235,False
2025-10-31,117558.73578031307,1.0,-0.0019715110218919696,0.0,581.3060967227099,202.23207092285156,17790.961960096633,-232.22617978358866,10011.189780280614,-0.07017963180718989,False
2025-11-03,120107.4138901751,1.0,0.021680040134361755,0.0,581.3060967227099,206.6164703369141,17790.961960096633,2316.451930078436,10011.189780280614,-0.050021088907022615,False
2025-11-04,115130.16265856625,0.0,-0.04144000000000003,115130.16265856625,0.0,198.43690490722656,15130.162658566216,0.0,10184.144456282467,-0.08938821498271565,False
2025-11-05,115130.16265856625,0.0,0.0,115130.16265856625,0.0,194.9613494873047,15130.162658566216,0.0,10184.144456282467,-0.08938821498271565,False
2025-11-06,115130.16265856625,0.0,0.0,115130.16265856625,0.0,187.84043884277344,15130.162658566216,0.0,10184.144456282467,-0.08938821498271565,False
2025-11-07,115130.16265856625,0.0,0.0,115130.16265856625,0.0,187.9103240966797,15130.162658566216,0.0,10184.144456282467,-0.08938821498271565,False
2025-11-10,115130.16265856625,0.0,0.0,115130.16265856625,0.0,198.7964630126953,15130.162658566216,0.0,10184.144456282467,-0.08938821498271565,False
2025-11-11,115130.16265856625,0.0,0.0,115130.16265856625,0.0,192.91395568847656,15130.162658566216,0.0,10184.144456282467,-0.08938821498271565,False
2025-11-12,115130.16265856625,0.0,0.0,115130.16265856625,0.0,193.5531311035156,15130.162658566216,0.0,10184.144456282467,-0.08938821498271565,False
2025-11-13,115130.16265856625,0.0,0.0,115130.16265856625,0.0,186.6219787597656,15130.162658566216,0.0,10184.144456282467,-0.08938821498271565,False
2025-11-14,115130.16265856625,0.0,0.0,115130.16265856625,0.0,189.92774963378903,15130.162658566216,0.0,10184.144456282467,-0.08938821498271565,False
2025-11-17,115130.16265856625,0.0,0.0,115130.16265856625,0.0,186.36231994628903,15130.162658566216,0.0,10184.144456282467,-0.08938821498271565,False
2025-11-18,115130.16265856625,0.0,0.0,115130.16265856625,0.0,181.1289825439453,15130.162658566216,0.0,10184.144456282467,-0.08938821498271565,False
2025-11-19,115130.16265856625,0.0,0.0,115130.16265856625,0.0,186.28240966796875,15130.162658566216,0.0,10184.144456282467,-0.08938821498271565,False
2025-11-20,115130.16265856625,0.0,0.0,115130.16265856625,0.0,180.4098968505859,15130.162658566216,0.0,10184.144456282467,-0.08938821498271565,False
2025-11-21,115130.16265856625,0.0,0.0,115130.16265856625,0.0,178.65213012695312,15130.162658566216,0.0,10184.144456282467,-0.08938821498271565,False
2025-11-24,115130.16265856625,0.0,0.0,115130.16265856625,0.0,182.3174591064453,15130.162658566216,0.0,10184.144456282467,-0.08938821498271565,False
2025-11-25,115130.16265856625,0.0,0.0,115130.16265856625,0.0,177.59349060058594,15130.162658566216,0.0,10184.144456282467,-0.08938821498271565,False
2025-11-26,115130.16265856625,0.0,0.0,115130.16265856625,0.0,180.03036499023438,15130.162658566216,0.0,10184.144456282467,-0.08938821498271565,False
2025-11-28,115130.16265856625,0.0,0.0,115130.16265856625,0.0,176.7745361328125,15130.162658566216,0.0,10184.144456282467,-0.08938821498271565,False
2025-12-01,115130.16265856625,0.0,0.0,115130.16265856625,0.0,179.69082641601562,15130.162658566216,0.0,10184.144456282467,-0.08938821498271565,False
2025-12-02,115130.16265856625,0.0,0.0,115130.16265856625,0.0,181.22886657714844,15130.162658566216,0.0,10184.144456282467,-0.08938821498271565,False
2025-12-03,115130.16265856625,0.0,0.0,115130.16265856625,0.0,179.36123657226562,15130.162658566216,0.0,10184.144456282467,-0.08938821498271565,False
2025-12-04,115130.16265856625,0.0,0.0,115130.16265856625,0.0,183.15660095214844,15130.162658566216,0.0,10184.144456282467,-0.08938821498271565,False
2025-12-05,115130.16265856625,0.0,0.0,115130.16265856625,0.0,182.1877899169922,15130.162658566216,0.0,10184.144456282467,-0.08938821498271565,False
2025-12-08,115130.16265856625,0.0,0.0,115130.16265856625,0.0,185.323974609375,15130.162658566216,0.0,10184.144456282467,-0.08938821498271565,False
2025-12-09,115130.16265856625,0.0,0.0,115130.16265856625,0.0,184.7446746826172,15130.162658566216,0.0,10184.144456282467,-0.08938821498271565,False
2025-12-10,115130.16265856625,0.0,0.0,115130.16265856625,0.0,183.55612182617188,15130.162658566216,0.0,10184.144456282467,-0.08938821498271565,False
2025-12-11,115130.16265856625,0.0,0.0,115130.16265856625,0.0,180.70957946777344,15130.162658566216,0.0,10184.144456282467,-0.08938821498271565,False
2025-12-12,115130.16265856625,0.0,0.0,115130.16265856625,0.0,174.80679321289062,15130.162658566216,0.0,10184.144456282467,-0.08938821498271565,False
2025-12-15,115130.16265856625,0.0,0.0,115130.16265856625,0.0,176.07522583007812,15130.162658566216,0.0,10184.144456282467,-0.08938821498271565,False
2025-12-16,115130.16265856625,0.0,0.0,115130.16265856625,0.0,177.5034942626953,15130.162658566216,0.0,10184.144456282467,-0.08938821498271565,False
2025-12-17,115130.16265856625,0.0,0.0,115130.16265856625,0.0,170.73175048828125,15130.162658566216,0.0,10184.144456282467,-0.08938821498271565,False
2025-12-18,115130.16265856625,0.0,0.0,115130.16265856625,0.0,173.9278564453125,15130.162658566216,0.0,10184.144456282467,-0.08938821498271565,False
2025-12-19,115130.16265856625,0.0,0.0,115130.16265856625,0.0,180.76953125,15130.162658566216,0.0,10184.144456282467,-0.08938821498271565,False
2025-12-22,115130.16265856625,0.0,0.0,115130.16265856625,0.0,183.4662322998047,15130.162658566216,0.0,10184.144456282467,-0.08938821498271565,False
2025-12-23,115130.16265856625,0.0,0.0,115130.16265856625,0.0,188.97952270507812,15130.162658566216,0.0,10184.144456282467,-0.08938821498271565,False
2025-12-24,115130.16265856625,0.0,0.0,115130.16265856625,0.0,188.38023376464844,15130.162658566216,0.0,10184.144456282467,-0.08938821498271565,False
2025-12-26,115130.16265856625,0.0,0.0,115130.16265856625,0.0,190.2978973388672,15130.162658566216,0.0,10184.144456282467,-0.08938821498271565,False
2025-12-29,115130.16265856625,0.0,0.0,115130.16265856625,0.0,187.99070739746097,15130.162658566216,0.0,10184.144456282467,-0.08938821498271565,False
2025-12-30,115130.16265856625,0.0,0.0,115130.16265856625,0.0,187.31153869628903,15130.162658566216,0.0,10184.144456282467,-0.08938821498271565,False
2025-12-31,115130.16265856625,0.0,0.0,115130.16265856625,0.0,186.27279663085935,15130.162658566216,0.0,10184.144456282467,-0.08938821498271565,False
2026-01-02,115130.16265856625,0.0,0.0,115130.16265856625,0.0,188.6199493408203,15130.162658566216,0.0,10184.144456282467,-0.08938821498271565,False
2026-01-05,115130.16265856625,0.0,0.0,115130.16265856625,0.0,187.89083862304688,15130.162658566216,0.0,10184.144456282467,-0.08938821498271565,False
2026-01-06,115130.16265856625,0.0,0.0,115130.16265856625,0.0,187.0119171142578,15130.162658566216,0.0,10184.144456282467,-0.08938821498271565,False
2026-01-07,115130.16265856625,0.0,0.0,115130.16265856625,0.0,188.8796234130859,15130.162658566216,0.0,10184.144456282467,-0.08938821498271565,False
2026-01-08,115130.16265856625,0.0,0.0,115130.16265856625,0.0,184.8145751953125,15130.162658566216,0.0,10184.144456282467,-0.08938821498271565,False
2026-01-09,115130.16265856625,0.0,0.0,115130.16265856625,0.0,184.63479614257812,15130.162658566216,0.0,10184.144456282467,-0.08938821498271565,False
2026-01-12,115130.16265856625,0.0,0.0,115130.16265856625,0.0,184.71470642089844,15130.162658566216,0.0,10184.144456282467,-0.08938821498271565,False
2026-01-13,114957.72606946205,0.9999999999999999,-0.0014977533699450651,1.4551915228366852e-11,619.4388723689025,185.58364868164065,14957.726069462024,0.0,10356.58104538666,-0.09075208685243696,False
2026-01-14,113135.87990841418,0.0,-0.015847966233666133,113135.87990841418,0.0,182.9169006347656,13135.879908414145,0.0,10526.53980338628,-0.10516181707803096,False
2026-01-15,113135.87990841418,0.0,0.0,113135.87990841418,0.0,186.82212829589844,13135.879908414145,0.0,10526.53980338628,-0.10516181707803096,False
2026-01-16,112966.43026301965,1.0000000000000002,-0.0014977533699450651,-1.4551915228366852e-11,607.3361853978352,186.0031280517578,12966.430263019614,0.0,10695.98944878081,-0.10650206398205786,False
2026-01-20,108285.1013929201,0.0,-0.04144000000000014,108285.1013929201,0.0,177.85308837890625,8285.10139292007,0.0,10858.661108359558,-0.14352861845064147,False
2026-01-21,108285.1013929201,0.0,0.0,108285.1013929201,0.0,183.09669494628903,8285.10139292007,0.0,10858.661108359558,-0.14352861845064147,False
2026-01-22,108285.1013929201,0.0,0.0,108285.1013929201,0.0,184.6148223876953,8285.10139292007,0.0,10858.661108359558,-0.14352861845064147,False
2026-01-23,108285.1013929201,0.0,0.0,108285.1013929201,0.0,187.44137573242188,8285.10139292007,0.0,10858.661108359558,-0.14352861845064147,False
2026-01-26,108285.1013929201,0.0,0.0,108285.1013929201,0.0,186.2428436279297,8285.10139292007,0.0,10858.661108359558,-0.14352861845064147,False
2026-01-27,108285.1013929201,0.0,0.0,108285.1013929201,0.0,188.29034423828125,8285.10139292007,0.0,10858.661108359558,-0.14352861845064147,False
2026-01-28,108285.1013929201,0.0,0.0,108285.1013929201,0.0,191.28668212890625,8285.10139292007,0.0,10858.661108359558,-0.14352861845064147,False
2026-01-29,108285.1013929201,0.0,0.0,108285.1013929201,0.0,192.2754821777344,8285.10139292007,0.0,10858.661108359558,-0.14352861845064147,False
2026-01-30,108285.1013929201,0.0,0.0,108285.1013929201,0.0,190.8971710205078,8285.10139292007,0.0,10858.661108359558,-0.14352861845064147,False
2026-02-02,108285.1013929201,0.0,0.0,108285.1013929201,0.0,185.3838806152344,8285.10139292007,0.0,10858.661108359558,-0.14352861845064147,False
2026-02-03,108285.1013929201,0.0,0.0,108285.1013929201,0.0,180.12030029296875,8285.10139292007,0.0,10858.661108359558,-0.14352861845064147,False
2026-02-04,108285.1013929201,0.0,0.0,108285.1013929201,0.0,173.97781372070312,8285.10139292007,0.0,10858.661108359558,-0.14352861845064147,False
2026-02-05,108285.1013929201,0.0,0.0,108285.1013929201,0.0,171.67062377929688,8285.10139292007,0.0,10858.661108359558,-0.14352861845064147,False
2026-02-06,108285.1013929201,0.0,0.0,108285.1013929201,0.0,185.18414306640625,8285.10139292007,0.0,10858.661108359558,-0.14352861845064147,False
2026-02-09,108285.1013929201,0.0,0.0,108285.1013929201,0.0,189.80848693847656,8285.10139292007,0.0,10858.661108359558,-0.14352861845064147,False
2026-02-10,108285.1013929201,0.0,0.0,108285.1013929201,0.0,188.3103179931641,8285.10139292007,0.0,10858.661108359558,-0.14352861845064147,False
2026-02-11,108285.1013929201,0.0,0.0,108285.1013929201,0.0,189.81849670410156,8285.10139292007,0.0,10858.661108359558,-0.14352861845064147,False
2026-02-12,108285.1013929201,0.0,0.0,108285.1013929201,0.0,186.7122802734375,8285.10139292007,0.0,10858.661108359558,-0.14352861845064147,False
2026-02-13,108285.1013929201,0.0,0.0,108285.1013929201,0.0,182.58729553222656,8285.10139292007,0.0,10858.661108359558,-0.14352861845064147,False
2026-02-17,108285.1013929201,0.0,0.0,108285.1013929201,0.0,184.7446746826172,8285.10139292007,0.0,10858.661108359558,-0.14352861845064147,False
2026-02-18,108285.1013929201,0.0,0.0,108285.1013929201,0.0,187.75099182128903,8285.10139292007,0.0,10858.661108359558,-0.14352861845064147,False
2026-02-19,108285.1013929201,0.0,0.0,108285.1013929201,0.0,187.6710968017578,8285.10139292007,0.0,10858.661108359558,-0.14352861845064147,False
2026-02-20,108285.1013929201,0.0,0.0,108285.1013929201,0.0,189.5887756347656,8285.10139292007,0.0,10858.661108359558,-0.14352861845064147,False
2026-02-23,108285.1013929201,0.0,0.0,108285.1013929201,0.0,191.316650390625,8285.10139292007,0.0,10858.661108359558,-0.14352861845064147,False
2026-02-24,108285.1013929201,0.0,0.0,108285.1013929201,0.0,192.61508178710935,8285.10139292007,0.0,10858.661108359558,-0.14352861845064147,False
2026-02-25,108285.1013929201,0.0,0.0,108285.1013929201,0.0,195.32176208496097,8285.10139292007,0.0,10858.661108359558,-0.14352861845064147,False
2026-02-26,108285.1013929201,0.0,0.0,108285.1013929201,0.0,184.66476440429688,8285.10139292007,0.0,10858.661108359558,-0.14352861845064147,False
2026-02-27,108285.1013929201,0.0,0.0,108285.1013929201,0.0,176.97415161132812,8285.10139292007,0.0,10858.661108359558,-0.14352861845064147,False
2026-03-02,108285.1013929201,0.0,0.0,108285.1013929201,0.0,182.25770568847656,8285.10139292007,0.0,10858.661108359558,-0.14352861845064147,False
2026-03-03,108285.1013929201,0.0,0.0,108285.1013929201,0.0,179.83065795898438,8285.10139292007,0.0,10858.661108359558,-0.14352861845064147,False
2026-03-04,108285.1013929201,0.0,0.0,108285.1013929201,0.0,182.8170166015625,8285.10139292007,0.0,10858.661108359558,-0.14352861845064147,False
2026-03-05,108122.91701739401,1.0,-0.0014977533699450651,0.0,590.4592727886877,183.11663818359375,8122.91701739398,0.0,11020.845483885649,-0.14481140134861858,False
2026-03-06,104710.26924719923,0.0,-0.03156266834389765,104710.26924719923,0.0,177.6033935546875,4710.269247199201,0.0,11178.146839790305,-0.17180343545933474,False
2026-03-09,104710.26924719923,0.0,0.0,104710.26924719923,0.0,182.427490234375,4710.269247199201,0.0,11178.146839790305,-0.17180343545933474,False
2026-03-10,104710.26924719923,0.0,0.0,104710.26924719923,0.0,184.54490661621097,4710.269247199201,0.0,11178.146839790305,-0.17180343545933474,False
2026-03-11,104710.26924719923,0.0,0.0,104710.26924719923,0.0,185.8134307861328,4710.269247199201,0.0,11178.146839790305,-0.17180343545933474,False
2026-03-12,104710.26924719923,0.0,0.0,104710.26924719923,0.0,182.9268035888672,4710.269247199201,0.0,11178.146839790305,-0.17180343545933474,False
2026-03-13,104710.26924719923,0.0,0.0,104710.26924719923,0.0,180.0401611328125,4710.269247199201,0.0,11178.146839790305,-0.17180343545933474,False
2026-03-16,104710.26924719923,0.0,0.0,104710.26924719923,0.0,183.0067138671875,4710.269247199201,0.0,11178.146839790305,-0.17180343545933474,False
2026-03-17,104710.26924719923,0.0,0.0,104710.26924719923,0.0,181.71820068359375,4710.269247199201,0.0,11178.146839790305,-0.17180343545933474,False
2026-03-18,104710.26924719923,0.0,0.0,104710.26924719923,0.0,180.1899871826172,4710.269247199201,0.0,11178.146839790305,-0.17180343545933474,False
2026-03-19,104710.26924719923,0.0,0.0,104710.26924719923,0.0,178.3521270751953,4710.269247199201,0.0,11178.146839790305,-0.17180343545933474,False
2026-03-20,104710.26924719923,0.0,0.0,104710.26924719923,0.0,172.4989471435547,4710.269247199201,0.0,11178.146839790305,-0.17180343545933474,False
2026-03-23,104710.26924719923,0.0,0.0,104710.26924719923,0.0,175.43553161621094,4710.269247199201,0.0,11178.146839790305,-0.17180343545933474,False
2026-03-24,104710.26924719923,0.0,0.0,104710.26924719923,0.0,174.99603271484375,4710.269247199201,0.0,11178.146839790305,-0.17180343545933474,False
2026-03-25,104710.26924719923,0.0,0.0,104710.26924719923,0.0,178.47198486328125,4710.269247199201,0.0,11178.146839790305,-0.17180343545933474,False
2026-03-26,104710.26924719923,0.0,0.0,104710.26924719923,0.0,171.04066467285156,4710.269247199201,0.0,11178.146839790305,-0.17180343545933474,False
2026-03-27,104710.26924719923,0.0,0.0,104710.26924719923,0.0,167.32498168945312,4710.269247199201,0.0,11178.146839790305,-0.17180343545933474,False
2026-03-30,104710.26924719923,0.0,0.0,104710.26924719923,0.0,164.97772216796875,4710.269247199201,0.0,11178.146839790305,-0.17180343545933474,False
2026-03-31,104710.26924719923,0.0,0.0,104710.26924719923,0.0,174.1969757080078,4710.269247199201,0.0,11178.146839790305,-0.17180343545933474,False
2026-04-01,104710.26924719923,0.0,0.0,104710.26924719923,0.0,175.54541015625,4710.269247199201,0.0,11178.146839790305,-0.17180343545933474,False
2026-04-02,104710.26924719923,0.0,0.0,104710.26924719923,0.0,177.18348693847656,4710.269247199201,0.0,11178.146839790305,-0.17180343545933474,False
2026-04-06,104710.26924719923,0.0,0.0,104710.26924719923,0.0,177.43319702148438,4710.269247199201,0.0,11178.146839790305,-0.17180343545933474,False
2026-04-07,104710.26924719923,0.0,0.0,104710.26924719923,0.0,177.89266967773438,4710.269247199201,0.0,11178.146839790305,-0.17180343545933474,False
2026-04-08,104710.26924719923,0.0,0.0,104710.26924719923,0.0,181.8680419921875,4710.269247199201,0.0,11178.146839790305,-0.17180343545933474,False
2026-04-09,104710.26924719923,0.0,0.0,104710.26924719923,0.0,183.69590759277344,4710.269247199201,0.0,11178.146839790305,-0.17180343545933474,False
2026-04-10,104710.26924719923,0.0,0.0,104710.26924719923,0.0,188.4104156494141,4710.269247199201,0.0,11178.146839790305,-0.17180343545933474,False
2026-04-13,104710.26924719923,0.0,0.0,104710.26924719923,0.0,189.0896148681641,4710.269247199201,0.0,11178.146839790305,-0.17180343545933474,False
2026-04-14,104553.43908856639,0.9999999999999999,-0.0014977533699450651,1.4551915228366852e-11,532.6715986192768,196.28123474121097,4553.4390885663515,0.0,11334.976998423153,-0.1730438696548524,False
2026-04-15,105809.08136018348,0.9999999999999999,0.012009574075831697,1.4551915228366852e-11,532.6715986192768,198.63848876953125,4553.4390885663515,1255.6422716170957,11334.976998423153,-0.16311247875000923,False
2026-04-16,105374.11634757034,0.0,-0.0041108476420137485,105374.11634757034,0.0,198.1190948486328,5374.116347570304,0.0,11493.275620878192,-0.16655279584337046,False
2026-04-17,105216.29190970577,1.0,-0.0014977533699450651,0.0,522.3072524863993,201.44520568847656,5216.291909705746,0.0,11651.100058742752,-0.16780109420206735,False
2026-04-20,105256.41828233072,0.0,0.000381370336253406,105256.41828233072,0.0,201.82476806640625,5256.418282330701,0.0,11809.221868881456,-0.16748371822553343,False
2026-04-21,105256.41828233072,0.0,0.0,105256.41828233072,0.0,199.64732360839844,5256.418282330701,0.0,11809.221868881456,-0.16748371822553343,False
2026-04-22,105256.41828233072,0.0,0.0,105256.41828233072,0.0,202.26426696777344,5256.418282330701,0.0,11809.221868881456,-0.16748371822553343,False
2026-04-23,105256.41828233072,0.0,0.0,105256.41828233072,0.0,199.4075927734375,5256.418282330701,0.0,11809.221868881456,-0.16748371822553343,False
2026-04-24,105098.77012714001,0.9999999999999999,-0.0014977533699450651,1.4551915228366852e-11,505.2156510574699,208.0275421142578,5098.770127139991,0.0,11966.870024072166,-0.16873062229209523,False
2026-04-27,109307.3638961282,0.9999999999999999,0.04004417714781017,1.4551915228366852e-11,505.2156510574699,216.3578338623047,5098.770127139991,4208.593768988171,11966.870024072166,-0.13544312407360992,False
2026-04-28,107571.44828454414,0.9999999999999999,-0.01588104908680854,1.4551915228366852e-11,505.2156510574699,212.92184448242188,5098.770127139991,2472.678157404124,11966.870024072166,-0.1491731942585348,False
2026-04-29,105434.91887894915,0.0,-0.01986149149859473,105434.91887894915,0.0,209.00640869140625,5434.918878949117,0.0,12125.259987335485,-0.16607188362754544,False
2026-04-30,105277.0033738883,0.9999999999999999,-0.0014977533699451762,1.4551915228366852e-11,528.1339933185676,199.33767700195312,5277.003373888285,0.0,12283.175492396318,-0.1673209022741342,False
2026-05-01,104529.15159709025,0.0,-0.00710365752093145,104529.15159709025,0.0,198.2189788818359,4529.151597090216,0.0,12440.204763698908,-0.17323596940921704,False
2026-05-04,104529.15159709025,0.0,0.0,104529.15159709025,0.0,198.2489318847656,4529.151597090216,0.0,12440.204763698908,-0.17323596940921704,False
2026-05-05,104529.15159709025,0.0,0.0,104529.15159709025,0.0,196.271240234375,4529.151597090216,0.0,12440.204763698908,-0.17323596940921704,False
2026-05-06,104372.59270802821,1.0,-0.0014977533699450651,0.0,502.7870749235188,207.5880584716797,4372.592708028174,0.0,12596.76365276095,-0.17447425802218375,False
2026-05-07,106215.6722142294,1.0,0.01765865404299216,0.0,502.7870749235188,211.2537841796875,4372.592708028174,1843.079506201193,12596.76365276095,-0.1598965845410132,False
2026-05-08,107911.7086460181,0.0,0.01596785480364815,107911.7086460181,0.0,214.9494781494141,7911.708646018065,0.0,12758.87438182357,-0.1464819351829152,False
2026-05-11,107750.083520737,1.0,-0.0014977533699450651,0.0,491.59527228312925,219.18453979492188,7750.08352073696,0.0,12920.499507104676,-0.147760294740804,False
2026-05-12,108408.05426816722,1.0,0.006106452319395217,0.0,491.59527228312925,220.52297973632812,7750.08352073696,657.9707474302211,12920.499507104676,-0.14255613361594333,False
2026-05-13,110887.72395122964,1.0,0.022873482047085725,0.0,491.59527228312925,225.56710815429688,7750.08352073696,3137.6404304926386,12920.499507104676,-0.1229434067318238,False
2026-05-14,115753.7640315168,1.0,0.04388258597883499,0.0,491.59527228312925,235.465576171875,7750.08352073696,8003.680510779804,12920.499507104676,-0.08445589536942899,False
2026-05-15,110956.92805005074,0.0,-0.04143999999999992,110956.92805005074,0.0,225.0577087402344,10956.928050050701,0.0,13087.18492731006,-0.12239604306531982,False
2026-05-18,110956.92805005074,0.0,0.0,110956.92805005074,0.0,222.0612030029297,10956.928050050701,0.0,13087.18492731006,-0.12239604306531982,False
2026-05-19,110956.92805005074,0.0,0.0,110956.92805005074,0.0,220.35317993164065,10956.928050050701,0.0,13087.18492731006,-0.12239604306531982,False
2026-05-20,110790.74193714502,1.0,-0.0014977533699450651,0.0,496.35237821810614,223.20985412597656,10790.741937144983,0.0,13253.371040215778,-0.12371047734929586,False
2026-05-21,108827.47045530182,1.0,-0.017720537361840427,0.0,496.35237821810614,219.25445556640625,10790.741937144983,-1963.271481843196,13253.371040215778,-0.13923879857521704,False
2026-05-22,106755.13717160404,1.0,-0.01904237298751643,0.0,496.35237821810614,215.0793304443359,10790.741937144983,-4035.60476554097,13253.371040215778,-0.15562973442593042,False
2026-05-26,106362.3404170436,0.0,-0.0036794178244466957,106362.3404170436,0.0,214.60987854003903,6362.340417043569,0.0,13413.154225619448,-0.1587365254315164,False
2026-05-27,106362.3404170436,0.0,0.0,106362.3404170436,0.0,212.35250854492188,6362.340417043569,0.0,13413.154225619448,-0.1587365254315164,False
2026-05-28,106362.3404170436,0.0,0.0,106362.3404170436,0.0,214.0005798339844,6362.340417043569,0.0,13413.154225619448,-0.1587365254315164,False
2026-05-29,106203.03586324872,1.0,-0.0014977533699451762,0.0,503.58440590953654,210.8942108154297,6203.035863248696,0.0,13572.45877941432,-0.15999653063556307,False
2026-06-01,111345.91787492654,0.0,0.04842499999999994,111345.91787492654,0.0,224.09881591796875,11345.917874926517,0.0,13739.728560898937,-0.11931936263159026,False
2026-06-02,111179.14915119974,0.9999999999999999,-0.0014977533699450651,1.4551915228366852e-11,499.54549547276923,222.56060791015625,11179.149151199717,0.0,13906.497284625737,-0.1206384050240541,False
2026-06-03,106991.78001574066,0.0,-0.0376632594099493,106991.78001574066,0.0,214.5,6991.780015740627,0.0,14067.2260477941,-0.15375802889077994,False
2026-06-04,106991.78001574066,0.0,0.0,106991.78001574066,0.0,218.66000366210935,6991.780015740627,0.0,14067.2260477941,-0.15375802889077994,False
2026-06-05,106991.78001574066,0.0,0.0,106991.78001574066,0.0,205.1000061035156,6991.780015740627,0.0,14067.2260477941,-0.15375802889077994,False
2026-06-08,106991.78001574066,0.0,0.0,106991.78001574066,0.0,208.63999938964844,6991.780015740627,0.0,14067.2260477941,-0.15375802889077994,False
2026-06-09,106991.78001574066,0.0,0.0,106991.78001574066,0.0,208.19000244140625,6991.780015740627,0.0,14067.2260477941,-0.15375802889077994,False
2026-06-10,106991.78001574066,0.0,0.0,106991.78001574066,0.0,200.4199981689453,6991.780015740627,0.0,14067.2260477941,-0.15375802889077994,False
2026-06-11,106991.78001574066,0.0,0.0,106991.78001574066,0.0,204.8699951171875,6991.780015740627,0.0,14067.2260477941,-0.15375802889077994,False
2026-06-12,106991.78001574066,0.0,0.0,106991.78001574066,0.0,205.19000244140625,6991.780015740627,0.0,14067.2260477941,-0.15375802889077994,False
2026-06-15,106991.78001574066,0.0,0.0,106991.78001574066,0.0,212.4499969482422,6991.780015740627,0.0,14067.2260477941,-0.15375802889077994,False
2026-06-16,106991.78001574066,0.0,0.0,106991.78001574066,0.0,207.41000366210935,6991.780015740627,0.0,14067.2260477941,-0.15375802889077994,False
2026-06-17,106991.78001574066,0.0,0.0,106991.78001574066,0.0,204.6499938964844,6991.780015740627,0.0,14067.2260477941,-0.15375802889077994,False
2026-06-18,106991.78001574066,0.0,0.0,106991.78001574066,0.0,210.69000244140625,6991.780015740627,0.0,14067.2260477941,-0.15375802889077994,False
2026-06-22,106991.78001574066,0.0,0.0,106991.78001574066,0.0,208.6499938964844,6991.780015740627,0.0,14067.2260477941,-0.15375802889077994,False
2026-06-23,106991.78001574066,0.0,0.0,106991.78001574066,0.0,200.0399932861328,6991.780015740627,0.0,14067.2260477941,-0.15375802889077994,False
2026-06-24,106991.78001574066,0.0,0.0,106991.78001574066,0.0,199.0,6991.780015740627,0.0,14067.2260477941,-0.15375802889077994,False
2026-06-25,106991.78001574066,0.0,0.0,106991.78001574066,0.0,195.7400054931641,6991.780015740627,0.0,14067.2260477941,-0.15375802889077994,False
2026-06-26,106991.78001574066,0.0,0.0,106991.78001574066,0.0,192.52999877929688,6991.780015740627,0.0,14067.2260477941,-0.15375802889077994,False
2026-06-29,106991.78001574066,0.0,0.0,106991.78001574066,0.0,194.97000122070312,6991.780015740627,0.0,14067.2260477941,-0.15375802889077994,False
2026-06-30,106991.78001574066,0.0,0.0,106991.78001574066,0.0,200.08999633789065,6991.780015740627,0.0,14067.2260477941,-0.15375802889077994,False
2026-07-01,106991.78001574066,0.0,0.0,106991.78001574066,0.0,197.5800018310547,6991.780015740627,0.0,14067.2260477941,-0.15375802889077994,False
2026-07-02,106991.78001574066,0.0,0.0,106991.78001574066,0.0,194.8300018310547,6991.780015740627,0.0,14067.2260477941,-0.15375802889077994,False
2026-07-06,106991.78001574066,0.0,0.0,106991.78001574066,0.0,195.5500030517578,6991.780015740627,0.0,14067.2260477941,-0.15375802889077994,False
2026-07-07,106991.78001574066,0.0,0.0,106991.78001574066,0.0,196.92999267578125,6991.780015740627,0.0,14067.2260477941,-0.15375802889077994,False
2026-07-08,106991.78001574066,0.0,0.0,106991.78001574066,0.0,204.1199951171875,6991.780015740627,0.0,14067.2260477941,-0.15375802889077994,False
2026-07-09,106991.78001574066,0.0,0.0,106991.78001574066,0.0,202.77999877929688,6991.780015740627,0.0,14067.2260477941,-0.15375802889077994,False
2026-07-10,106991.78001574066,0.0,0.0,106991.78001574066,0.0,210.9600067138672,6991.780015740627,0.0,14067.2260477941,-0.15375802889077994,False
2026-07-13,106991.78001574066,0.0,0.0,106991.78001574066,0.0,203.52999877929688,6991.780015740627,0.0,14067.2260477941,-0.15375802889077994,False
2026-07-14,106991.78001574066,0.0,0.0,106991.78001574066,0.0,211.8000030517578,6991.780015740627,0.0,14067.2260477941,-0.15375802889077994,False
2026-07-15,106991.78001574066,0.0,0.0,106991.78001574066,0.0,212.5,6991.780015740627,0.0,14067.2260477941,-0.15375802889077994,False
2026-07-16,106991.78001574066,0.0,0.0,106991.78001574066,0.0,207.3999938964844,6991.780015740627,0.0,14067.2260477941,-0.15375802889077994,False
2026-07-17,106991.78001574066,0.0,0.0,106991.78001574066,0.0,202.80999755859375,6991.780015740627,0.0,14067.2260477941,-0.15375802889077994,False
2026-07-20,106991.78001574066,0.0,0.0,106991.78001574066,0.0,203.27999877929688,6991.780015740627,0.0,14067.2260477941,-0.15375802889077994,False
2026-07-21,106991.78001574066,0.0,0.0,106991.78001574066,0.0,207.2899932861328,6991.780015740627,0.0,14067.2260477941,-0.15375802889077994,False
2026-07-22,106991.78001574066,0.0,0.0,106991.78001574066,0.0,212.05999755859375,6991.780015740627,0.0,14067.2260477941,-0.15375802889077994,False
2026-07-23,106991.78001574066,0.0,0.0,106991.78001574066,0.0,208.7599945068359,6991.780015740627,0.0,14067.2260477941,-0.15375802889077994,False
2026-07-24,106991.78001574066,0.0,0.0,106991.78001574066,0.0,206.83999633789065,6991.780015740627,0.0,14067.2260477941,-0.15375802889077994,False
