entry_date,exit_date,entry_price,exit_price,position,pnl,return,exit_reason
2024-10-07,2024-10-09,127.52073669433594,132.44305419921875,1.0,3698.3855877669266,0.037039415000169607,close
2024-10-16,2024-10-18,135.5082550048828,137.7847137451172,1.0,1580.470176008239,0.015286036896544841,close
2024-10-21,2024-10-22,143.48582458496094,143.365966796875,1.0,-244.77995457140787,-0.0023353284265719143,close
2025-01-22,2025-01-23,146.85067749023438,147.00047302246094,1.0,-50.11335399991367,-0.0004799466043557965,close
2025-02-25,2025-02-26,126.44114685058594,131.084228515625,1.0,5054.077143454022,0.04849999999999999,take_profit
2025-05-12,2025-05-13,122.82786560058594,129.74815368652344,1.0,5291.2510850841645,0.04849999999999999,take_profit
2025-05-14,2025-05-19,135.15060424804688,135.3802947998047,1.0,22.71225026540924,0.00019885065646940703,close
2025-05-21,2025-05-22,131.6155548095703,132.6441192626953,1.0,720.3359788346716,0.006314915604870519,close
2025-05-28,2025-05-29,134.62132263183594,138.9951934814453,1.0,5558.930879237567,0.04849999999999999,take_profit
2025-05-30,2025-06-02,134.94088745117188,137.187744140625,1.0,1818.0171889649355,0.015150673727532205,close
2025-06-03,2025-06-04,141.0223846435547,141.72137451171875,1.0,420.4285901613039,0.003456588061752086,close
2025-06-05,2025-06-06,139.79408264160156,141.52166748046875,1.0,1323.255926612299,0.010858068426231604,close
2025-06-20,2025-06-23,143.65866088867188,143.9782257080078,1.0,89.11519431060879,0.0007244730485380657,close
2025-06-25,2025-07-01,154.104736328125,153.09609985351562,1.0,-2291.249153965604,-0.018641472005091586,stop_loss
2025-07-09,2025-07-10,162.66336059570312,163.88172912597656,1.0,721.445623796375,0.005990122703794842,close
2025-07-11,2025-07-14,164.70062255859375,163.8517608642578,1.0,-804.9897695347754,-0.006653967733388111,close
2025-07-15,2025-07-16,170.4729461669922,171.14205932617188,1.0,290.9894445371756,0.0024250401557806,close
2025-07-22,2025-07-23,166.80783081054688,170.55284118652344,1.0,2516.3091620997,0.020951046559258835,close
2025-07-30,2025-08-04,179.03155517578125,179.7605743408203,1.0,320.59451702429214,0.0026184532582085307,close
2025-08-13,2025-08-14,181.3484649658203,181.77789306640625,1.0,106.38999285672617,0.0008679720733608676,close
2025-08-15,2025-08-18,180.20999145507812,181.7678985595703,1.0,875.2242292600276,0.007144954100009038,close
2025-08-19,2025-08-21,175.40638732910156,174.74725341796875,1.0,-647.4269836421008,-0.005255703504165377,close
2025-08-26,2025-08-27,181.5282287597656,181.35845947265625,1.0,-297.9601038646506,-0.002435222517562341,close
2025-09-22,2025-09-23,183.37612915039065,178.2027130126953,1.0,-5057.742776578729,-0.04150000000000009,stop_loss
2025-09-30,2025-10-02,186.3423309326172,188.64939880371097,1.0,1268.5219077813672,0.0108754977734844,close
2025-10-09,2025-10-10,192.32470703125,182.92669677734375,1.0,-4885.8785133353085,-0.04149999999999987,stop_loss
2025-10-17,2025-10-20,182.9866180419922,182.40736389160156,1.0,-525.7000764660916,-0.004665554708802144,close
2025-10-28,2025-10-29,200.77394104003903,206.7762756347656,1.0,5431.172484855488,0.04849999999999999,take_profit
2025-10-30,2025-11-04,202.63156127929688,198.43690490722656,1.0,-2655.480722317021,-0.022650343472597312,stop_loss
2026-01-13,2026-01-14,185.58364868164065,182.9169006347656,1.0,-1815.6419139097416,-0.015869520514437907,close
2026-01-16,2026-01-20,186.0031280517578,177.85308837890625,1.0,-4665.683160933288,-0.04149999999999998,stop_loss
2026-03-05,2026-03-06,183.11663818359375,177.6033935546875,1.0,-3400.963844668411,-0.03160783008903123,close
2026-04-14,2026-04-16,196.28123474121097,198.1190948486328,1.0,816.2460236631596,0.00784538764644438,close
2026-04-17,2026-04-20,201.44520568847656,201.82476806640625,1.0,40.22556989303848,0.00038419663120037306,close
2026-04-24,2026-04-29,208.0275421142578,209.00640869140625,1.0,331.54833065152343,0.0031701754667783355,close
2026-04-30,2026-05-01,199.33767700195312,198.2189788818359,1.0,-745.045151070095,-0.007112075634383208,close
2026-05-06,2026-05-08,207.5880584716797,214.9494781494141,1.0,3524.3962855344143,0.03393518419763031,close
2026-05-11,2026-05-15,219.18453979492188,225.0577087402344,1.0,3184.157958911601,0.02969741831203332,stop_loss
2026-05-20,2026-05-26,223.20985412597656,214.60987854003903,1.0,-4406.67881074574,-0.0399740173503641,close
2026-05-29,2026-06-01,210.8942108154297,224.09881591796875,1.0,5125.147817109129,0.04849999999999999,take_profit
2026-06-02,2026-06-03,222.56060791015625,214.5,1.0,-4172.77576939491,-0.03771758578863227,close
