period_start,period_end,annualized_return,sharpe_ratio,max_drawdown,win_rate,profit_factor
2024-06-20,2024-08-19,0.0,0.0,0.0,0.0,0.0
2024-08-20,2024-10-17,0.2884762098870046,2.5679546741208883,-0.0048010344838778085,1.0,inf
2024-10-18,2024-12-17,-0.02277120685845213,-3.464434806303115,-0.003831719338604711,0.0,0.0
2024-12-18,2025-02-20,-0.011818605233657409,-3.1393934376721475,-0.001979538148970783,0.0,0.0
2025-02-21,2025-04-22,0.31673695373204636,2.399550019876634,-0.0014999999999999458,1.0,inf
2025-04-23,2025-06-23,1.0448081255941388,4.3026873301627155,-0.005262681391360435,1.0,inf
2025-06-24,2025-08-21,-0.026884617043768433,-0.0839734829286001,-0.05718637744359323,0.6666666666666666,1.2904365722471907
2025-08-22,2025-10-21,-0.41224769032625685,-3.660329244518301,-0.08476548284692209,0.2,0.1178126448432609
2025-10-22,2025-12-19,0.1373319180232191,0.8619357544412946,-0.04149999999999987,0.5,2.045269031407831
2025-12-22,2026-02-23,-0.30809633826245264,-3.399802057255156,-0.0595386802064537,0.0,0.0
2026-02-24,2026-04-23,-0.15678704294203905,-2.0112777651892078,-0.03451082771638181,0.6666666666666666,0.2518320195902333
2026-04-24,2026-06-24,0.11255372415047304,0.5360895189505873,-0.082573579927398,0.5714285714285714,1.3046544847320254
2026-06-25,2026-07-23,0.0,0.0,0.0,0.0,0.0
