Date,equity,position,strategy_return
2024-05-22,100000.0,0.0,0.0
2024-05-23,99850.0,1.0,-0.0015
2024-05-24,102418.42175922594,1.0,0.02572280179495179
2024-05-28,106361.53099695613,0.0,0.038500000000000034
2024-05-29,106361.53099695613,0.0,0.0
2024-05-30,106361.53099695613,0.0,-0.0
2024-05-31,106201.9887004607,1.0,-0.0015
2024-06-03,110290.76526542843,0.0,0.038500000000000034
2024-06-04,110290.76526542843,0.0,0.0
2024-06-05,110290.76526542843,0.0,0.0
2024-06-06,110290.76526542843,0.0,-0.0
2024-06-07,110290.76526542843,0.0,-0.0
2024-06-10,110290.76526542843,0.0,0.0
2024-06-11,110290.76526542843,0.0,-0.0
2024-06-12,110290.76526542843,0.0,0.0
2024-06-13,110290.76526542843,0.0,0.0
2024-06-14,110290.76526542843,0.0,0.0
2024-06-17,110290.76526542843,0.0,-0.0
2024-06-18,110290.76526542843,0.0,0.0
2024-06-20,110290.76526542843,0.0,-0.0
2024-06-21,110290.76526542843,0.0,-0.0
2024-06-24,110290.76526542843,0.0,-0.0
2024-06-25,110290.76526542843,0.0,0.0
2024-06-26,110290.76526542843,0.0,0.0
2024-06-27,110290.76526542843,0.0,-0.0
2024-06-28,110290.76526542843,0.0,-0.0
2024-07-01,110290.76526542843,0.0,0.0
2024-07-02,110290.76526542843,0.0,-0.0
2024-07-03,110290.76526542843,0.0,0.0
2024-07-05,110290.76526542843,0.0,-0.0
2024-07-08,110290.76526542843,0.0,0.0
2024-07-09,110290.76526542843,0.0,0.0
2024-07-10,110290.76526542843,0.0,0.0
2024-07-11,110290.76526542843,0.0,-0.0
2024-07-12,110290.76526542843,0.0,0.0
2024-07-15,110290.76526542843,0.0,-0.0
2024-07-16,110290.76526542843,0.0,-0.0
2024-07-17,110290.76526542843,0.0,-0.0
2024-07-18,110290.76526542843,0.0,0.0
2024-07-19,110290.76526542843,0.0,-0.0
2024-07-22,110290.76526542843,0.0,0.0
2024-07-23,110290.76526542843,0.0,-0.0
2024-07-24,110290.76526542843,0.0,-0.0
2024-07-25,110290.76526542843,0.0,-0.0
2024-07-26,110290.76526542843,0.0,0.0
2024-07-29,110290.76526542843,0.0,-0.0
2024-07-30,110290.76526542843,0.0,-0.0
2024-07-31,110290.76526542843,0.0,0.0
2024-08-01,110290.76526542843,0.0,-0.0
2024-08-02,110290.76526542843,0.0,-0.0
2024-08-05,110290.76526542843,0.0,-0.0
2024-08-06,110290.76526542843,0.0,0.0
2024-08-07,110290.76526542843,0.0,-0.0
2024-08-08,110290.76526542843,0.0,0.0
2024-08-09,110290.76526542843,0.0,-0.0
2024-08-12,110290.76526542843,0.0,0.0
2024-08-13,110290.76526542843,0.0,0.0
2024-08-14,110290.76526542843,0.0,0.0
2024-08-15,110290.76526542843,0.0,0.0
2024-08-16,110290.76526542843,0.0,0.0
2024-08-19,110290.76526542843,0.0,0.0
2024-08-20,110290.76526542843,0.0,-0.0
2024-08-21,110290.76526542843,0.0,0.0
2024-08-22,110290.76526542843,0.0,-0.0
2024-08-23,110290.76526542843,0.0,0.0
2024-08-26,110290.76526542843,0.0,-0.0
2024-08-27,110290.76526542843,0.0,0.0
2024-08-28,110290.76526542843,0.0,-0.0
2024-08-29,110290.76526542843,0.0,-0.0
2024-08-30,110290.76526542843,0.0,0.0
2024-09-03,110290.76526542843,0.0,-0.0
2024-09-04,110290.76526542843,0.0,-0.0
2024-09-05,110290.76526542843,0.0,0.0
2024-09-06,110290.76526542843,0.0,-0.0
2024-09-09,110290.76526542843,0.0,0.0
2024-09-10,110290.76526542843,0.0,0.0
2024-09-11,110290.76526542843,0.0,0.0
2024-09-12,110290.76526542843,0.0,0.0
2024-09-13,110290.76526542843,0.0,-0.0
2024-09-16,110290.76526542843,0.0,-0.0
2024-09-17,110290.76526542843,0.0,-0.0
2024-09-18,110290.76526542843,0.0,-0.0
2024-09-19,110290.76526542843,0.0,0.0
2024-09-20,110290.76526542843,0.0,-0.0
2024-09-23,110290.76526542843,0.0,0.0
2024-09-24,110125.3291175303,1.0,-0.0015
2024-09-25,112365.45339029755,0.0,0.02034158981151829
2024-09-26,112365.45339029755,0.0,0.0
2024-09-27,112365.45339029755,0.0,-0.0
2024-09-30,112365.45339029755,0.0,0.0
2024-10-01,112365.45339029755,0.0,-0.0
2024-10-02,112365.45339029755,0.0,0.0
2024-10-03,112365.45339029755,0.0,0.0
2024-10-04,112365.45339029755,0.0,0.0
2024-10-07,112365.45339029755,0.0,0.0
2024-10-08,112196.9052102121,1.0,-0.0015
2024-10-09,111825.98688838306,0.0,-0.003305958583564249
2024-10-10,111825.98688838306,0.0,0.0
2024-10-11,111825.98688838306,0.0,-0.0
2024-10-14,111825.98688838306,0.0,0.0
2024-10-15,111825.98688838306,0.0,-0.0
2024-10-16,111825.98688838306,0.0,0.0
2024-10-17,111825.98688838306,0.0,0.0
2024-10-18,111825.98688838306,0.0,0.0
2024-10-21,111825.98688838306,0.0,0.0
2024-10-22,111825.98688838306,0.0,-0.0
2024-10-23,111825.98688838306,0.0,-0.0
2024-10-24,111825.98688838306,0.0,0.0
2024-10-25,111825.98688838306,0.0,0.0
2024-10-28,111825.98688838306,0.0,-0.0
2024-10-29,111825.98688838306,0.0,0.0
2024-10-30,111825.98688838306,0.0,-0.0
2024-10-31,111825.98688838306,0.0,-0.0
2024-11-01,111825.98688838306,0.0,0.0
2024-11-04,111825.98688838306,0.0,0.0
2024-11-05,111825.98688838306,0.0,0.0
2024-11-06,111825.98688838306,0.0,0.0
2024-11-07,111825.98688838306,0.0,0.0
2024-11-08,111825.98688838306,0.0,-0.0
2024-11-11,111825.98688838306,0.0,-0.0
2024-11-12,111825.98688838306,0.0,0.0
2024-11-13,111825.98688838306,0.0,-0.0
2024-11-14,111825.98688838306,0.0,0.0
2024-11-15,111825.98688838306,0.0,-0.0
2024-11-18,111825.98688838306,0.0,-0.0
2024-11-19,111825.98688838306,0.0,0.0
2024-11-20,111825.98688838306,0.0,-0.0
2024-11-21,111825.98688838306,0.0,0.0
2024-11-22,111825.98688838306,0.0,-0.0
2024-11-25,111825.98688838306,0.0,-0.0
2024-11-26,111825.98688838306,0.0,0.0
2024-11-27,111825.98688838306,0.0,-0.0
2024-11-29,111825.98688838306,0.0,0.0
2024-12-02,111825.98688838306,0.0,0.0
2024-12-03,111825.98688838306,0.0,0.0
2024-12-04,111825.98688838306,0.0,0.0
2024-12-05,111825.98688838306,0.0,-0.0
2024-12-06,111825.98688838306,0.0,-0.0
2024-12-09,111825.98688838306,0.0,-0.0
2024-12-10,111825.98688838306,0.0,-0.0
2024-12-11,111825.98688838306,0.0,0.0
2024-12-12,111825.98688838306,0.0,-0.0
2024-12-13,111825.98688838306,0.0,-0.0
2024-12-16,111825.98688838306,0.0,-0.0
2024-12-17,111825.98688838306,0.0,-0.0
2024-12-18,111825.98688838306,0.0,-0.0
2024-12-19,111825.98688838306,0.0,0.0
2024-12-20,111825.98688838306,0.0,0.0
2024-12-23,111825.98688838306,0.0,0.0
2024-12-24,111825.98688838306,0.0,0.0
2024-12-26,111825.98688838306,0.0,-0.0
2024-12-27,111825.98688838306,0.0,-0.0
2024-12-30,111825.98688838306,0.0,0.0
2024-12-31,111825.98688838306,0.0,-0.0
2025-01-02,111825.98688838306,0.0,0.0
2025-01-03,111658.2479080505,1.0,-0.0015
2025-01-06,115957.09045251044,0.0,0.038500000000000034
2025-01-07,115957.09045251044,0.0,-0.0
2025-01-08,115957.09045251044,0.0,-0.0
2025-01-10,115957.09045251044,0.0,-0.0
2025-01-13,115957.09045251044,0.0,-0.0
2025-01-14,115957.09045251044,0.0,-0.0
2025-01-15,115957.09045251044,0.0,0.0
2025-01-16,115957.09045251044,0.0,-0.0
2025-01-17,115957.09045251044,0.0,0.0
2025-01-21,115957.09045251044,0.0,0.0
2025-01-22,115957.09045251044,0.0,0.0
2025-01-23,115957.09045251044,0.0,0.0
2025-01-24,115957.09045251044,0.0,-0.0
2025-01-27,115957.09045251044,0.0,-0.0
2025-01-28,115957.09045251044,0.0,0.0
2025-01-29,115957.09045251044,0.0,-0.0
2025-01-30,115957.09045251044,0.0,0.0
2025-01-31,115957.09045251044,0.0,-0.0
2025-02-03,115957.09045251044,0.0,-0.0
2025-02-04,115957.09045251044,0.0,0.0
2025-02-05,115957.09045251044,0.0,0.0
2025-02-06,115957.09045251044,0.0,0.0
2025-02-07,115957.09045251044,0.0,0.0
2025-02-10,115957.09045251044,0.0,0.0
2025-02-11,115957.09045251044,0.0,-0.0
2025-02-12,115957.09045251044,0.0,-0.0
2025-02-13,115957.09045251044,0.0,0.0
2025-02-14,115957.09045251044,0.0,0.0
2025-02-18,115957.09045251044,0.0,0.0
2025-02-19,115957.09045251044,0.0,-0.0
2025-02-20,115957.09045251044,0.0,0.0
2025-02-21,115957.09045251044,0.0,-0.0
2025-02-24,115957.09045251044,0.0,-0.0
2025-02-25,115957.09045251044,0.0,-0.0
2025-02-26,115957.09045251044,0.0,0.0
2025-02-27,115957.09045251044,0.0,-0.0
2025-02-28,115957.09045251044,0.0,0.0
2025-03-03,115957.09045251044,0.0,-0.0
2025-03-04,115957.09045251044,0.0,0.0
2025-03-05,115957.09045251044,0.0,0.0
2025-03-06,115957.09045251044,0.0,-0.0
2025-03-07,115957.09045251044,0.0,0.0
2025-03-10,115957.09045251044,0.0,-0.0
2025-03-11,115957.09045251044,0.0,0.0
2025-03-12,115957.09045251044,0.0,0.0
2025-03-13,115957.09045251044,0.0,-0.0
2025-03-14,115957.09045251044,0.0,0.0
2025-03-17,115957.09045251044,0.0,-0.0
2025-03-18,115957.09045251044,0.0,-0.0
2025-03-19,115957.09045251044,0.0,0.0
2025-03-20,115957.09045251044,0.0,0.0
2025-03-21,115957.09045251044,0.0,-0.0
2025-03-24,115957.09045251044,0.0,0.0
2025-03-25,115957.09045251044,0.0,-0.0
2025-03-26,115957.09045251044,0.0,-0.0
2025-03-27,115957.09045251044,0.0,-0.0
2025-03-28,115957.09045251044,0.0,-0.0
2025-03-31,115957.09045251044,0.0,-0.0
2025-04-01,115957.09045251044,0.0,0.0
2025-04-02,115957.09045251044,0.0,0.0
2025-04-03,115957.09045251044,0.0,-0.0
2025-04-04,115957.09045251044,0.0,-0.0
2025-04-07,115957.09045251044,0.0,0.0
2025-04-08,115957.09045251044,0.0,-0.0
2025-04-09,115957.09045251044,0.0,0.0
2025-04-10,115957.09045251044,0.0,-0.0
2025-04-11,115957.09045251044,0.0,0.0
2025-04-14,115957.09045251044,0.0,-0.0
2025-04-15,115957.09045251044,0.0,0.0
2025-04-16,115957.09045251044,0.0,-0.0
2025-04-17,115957.09045251044,0.0,-0.0
2025-04-21,115957.09045251044,0.0,-0.0
2025-04-22,115957.09045251044,0.0,0.0
2025-04-23,115957.09045251044,0.0,0.0
2025-04-24,115957.09045251044,0.0,0.0
2025-04-25,115957.09045251044,0.0,0.0
2025-04-28,115957.09045251044,0.0,-0.0
2025-04-29,115957.09045251044,0.0,0.0
2025-04-30,115957.09045251044,0.0,-0.0
2025-05-01,115957.09045251044,0.0,0.0
2025-05-02,115957.09045251044,0.0,0.0
2025-05-05,115957.09045251044,0.0,-0.0
2025-05-06,115957.09045251044,0.0,-0.0
2025-05-07,115957.09045251044,0.0,0.0
2025-05-08,115957.09045251044,0.0,0.0
2025-05-09,115957.09045251044,0.0,-0.0
2025-05-12,115783.15481683168,1.0,-0.0015
2025-05-13,120240.8062772797,0.0,0.038500000000000034
2025-05-14,120060.44506786378,1.0,-0.0015
2025-05-15,119608.02936486676,1.0,-0.003768232765931301
2025-05-16,120113.68159469857,1.0,0.004227577634351887
2025-05-19,120264.48231593097,1.0,0.0012554832990736564
2025-05-20,119028.45346523063,0.0,-0.010277588419275339
2025-05-21,119028.45346523063,0.0,-0.0
2025-05-22,119028.45346523063,0.0,0.0
2025-05-23,119028.45346523063,0.0,-0.0
2025-05-27,119028.45346523063,0.0,0.0
2025-05-28,119028.45346523063,0.0,-0.0
2025-05-29,119028.45346523063,0.0,0.0
2025-05-30,119028.45346523063,0.0,-0.0
2025-06-02,119028.45346523063,0.0,0.0
2025-06-03,118849.91078503279,1.0,-0.0015
2025-06-04,119260.75958947901,0.0,0.00345687095373043
2025-06-05,119081.8684500948,1.0,-0.0015
2025-06-06,120374.8419262447,0.0,0.010857853449719514
2025-06-09,120374.8419262447,0.0,0.0
2025-06-10,120374.8419262447,0.0,0.0
2025-06-11,120374.8419262447,0.0,-0.0
2025-06-12,120374.8419262447,0.0,0.0
2025-06-13,120374.8419262447,0.0,-0.0
2025-06-16,120374.8419262447,0.0,0.0
2025-06-17,120374.8419262447,0.0,-0.0
2025-06-18,120374.8419262447,0.0,0.0
2025-06-20,120374.8419262447,0.0,-0.0
2025-06-23,120374.8419262447,0.0,0.0
2025-06-24,120194.27966335534,1.0,-0.0015
2025-06-25,124821.75943039451,0.0,0.038500000000000034
2025-06-26,124634.52679124892,1.0,-0.0015
2025-06-27,126642.47328519421,0.0,0.016110676115523026
2025-06-30,126642.47328519421,0.0,0.0
2025-07-01,126452.50957526642,1.0,-0.0015
2025-07-02,129710.72937474865,1.0,0.025766351418616162
2025-07-03,131240.14718126526,0.0,0.01179098917945304
2025-07-07,131240.14718126526,0.0,-0.0
2025-07-08,131240.14718126526,0.0,0.0
2025-07-09,131043.28696049337,1.0,-0.0015
2025-07-10,132024.82883430718,1.0,0.007490211033165828
2025-07-11,132486.50619157378,0.0,0.0034968979800461
2025-07-14,132486.50619157378,0.0,-0.0
2025-07-15,132486.50619157378,0.0,0.0
2025-07-16,132486.50619157378,0.0,0.0
2025-07-17,132486.50619157378,0.0,0.0
2025-07-18,132486.50619157378,0.0,-0.0
2025-07-21,132486.50619157378,0.0,-0.0
2025-07-22,132486.50619157378,0.0,-0.0
2025-07-23,132486.50619157378,0.0,0.0
2025-07-24,132486.50619157378,0.0,0.0
2025-07-25,132486.50619157378,0.0,-0.0
2025-07-28,132486.50619157378,0.0,0.0
2025-07-29,132287.77643228642,1.0,-0.0015
2025-07-30,135121.80961301186,1.0,0.0214232430021688
2025-07-31,133863.89027513764,0.0,-0.00930952110156674
2025-08-01,133863.89027513764,0.0,-0.0
2025-08-04,133863.89027513764,0.0,0.0
2025-08-05,133863.89027513764,0.0,-0.0
2025-08-06,133863.89027513764,0.0,0.0
2025-08-07,133663.09443972496,1.0,-0.0015
2025-08-08,134889.65535024562,0.0,0.009176511404752676
2025-08-11,134687.32086722026,1.0,-0.0015
2025-08-12,135501.10115136352,1.0,0.0060419962243181136
2025-08-13,134136.36268353116,0.0,-0.010071788762128718
2025-08-14,134136.36268353116,0.0,0.0
2025-08-15,134136.36268353116,0.0,-0.0
2025-08-18,134136.36268353116,0.0,0.0
2025-08-19,134136.36268353116,0.0,-0.0
2025-08-20,134136.36268353116,0.0,-0.0
2025-08-21,134136.36268353116,0.0,-0.0
2025-08-22,134136.36268353116,0.0,0.0
2025-08-25,134136.36268353116,0.0,0.0
2025-08-26,134136.36268353116,0.0,0.0
2025-08-27,134136.36268353116,0.0,-0.0
2025-08-28,134136.36268353116,0.0,-0.0
2025-08-29,134136.36268353116,0.0,-0.0
2025-09-02,134136.36268353116,0.0,-0.0
2025-09-03,134136.36268353116,0.0,-0.0
2025-09-04,134136.36268353116,0.0,0.0
2025-09-05,134136.36268353116,0.0,-0.0
2025-09-08,134136.36268353116,0.0,0.0
2025-09-09,134136.36268353116,0.0,0.0
2025-09-10,134136.36268353116,0.0,0.0
2025-09-11,134136.36268353116,0.0,-0.0
2025-09-12,134136.36268353116,0.0,0.0
2025-09-15,134136.36268353116,0.0,-0.0
2025-09-16,134136.36268353116,0.0,-0.0
2025-09-17,134136.36268353116,0.0,-0.0
2025-09-18,134136.36268353116,0.0,0.0
2025-09-19,133935.15813950586,1.0,-0.0015
2025-09-22,139091.66172787684,0.0,0.038500000000000034
2025-09-23,139091.66172787684,0.0,-0.0
2025-09-24,139091.66172787684,0.0,-0.0
2025-09-25,139091.66172787684,0.0,0.0
2025-09-26,139091.66172787684,0.0,0.0
2025-09-29,139091.66172787684,0.0,0.0
2025-09-30,138883.02423528503,1.0,-0.0015
2025-10-01,139374.31427034174,1.0,0.0035374376225016935
2025-10-02,140393.44380865648,0.0,0.00731217616136909
2025-10-03,140393.44380865648,0.0,-0.0
2025-10-06,140393.44380865648,0.0,-0.0
2025-10-07,140393.44380865648,0.0,-0.0
2025-10-08,140393.44380865648,0.0,0.0
2025-10-09,140182.8536429435,1.0,-0.0015
2025-10-10,136468.0080214055,0.0,-0.026500000000000024
2025-10-13,136468.0080214055,0.0,0.0
2025-10-14,136468.0080214055,0.0,-0.0
2025-10-15,136468.0080214055,0.0,-0.0
2025-10-16,136468.0080214055,0.0,0.0
2025-10-17,136468.0080214055,0.0,0.0
2025-10-20,136468.0080214055,0.0,-0.0
2025-10-21,136468.0080214055,0.0,-0.0
2025-10-22,136468.0080214055,0.0,-0.0
2025-10-23,136468.0080214055,0.0,0.0
2025-10-24,136468.0080214055,0.0,0.0
2025-10-27,136468.0080214055,0.0,0.0
2025-10-28,136263.3060093734,1.0,-0.0015
2025-10-29,141509.44329073426,0.0,0.038500000000000034
2025-10-30,141297.17912579817,1.0,-0.0015
2025-10-31,141018.61563262474,1.0,-0.0019714724306379994
2025-11-03,146447.8323344808,0.0,0.038500000000000034
2025-11-04,146447.8323344808,0.0,-0.0
2025-11-05,146447.8323344808,0.0,-0.0
2025-11-06,146447.8323344808,0.0,-0.0
2025-11-07,146447.8323344808,0.0,0.0
2025-11-10,146447.8323344808,0.0,0.0
2025-11-11,146447.8323344808,0.0,-0.0
2025-11-12,146447.8323344808,0.0,0.0
2025-11-13,146447.8323344808,0.0,-0.0
2025-11-14,146447.8323344808,0.0,0.0
2025-11-17,146447.8323344808,0.0,-0.0
2025-11-18,146447.8323344808,0.0,-0.0
2025-11-19,146447.8323344808,0.0,0.0
2025-11-20,146447.8323344808,0.0,-0.0
2025-11-21,146447.8323344808,0.0,-0.0
2025-11-24,146447.8323344808,0.0,0.0
2025-11-25,146447.8323344808,0.0,-0.0
2025-11-26,146447.8323344808,0.0,0.0
2025-11-28,146447.8323344808,0.0,-0.0
2025-12-01,146447.8323344808,0.0,0.0
2025-12-02,146447.8323344808,0.0,0.0
2025-12-03,146447.8323344808,0.0,-0.0
2025-12-04,146447.8323344808,0.0,0.0
2025-12-05,146447.8323344808,0.0,-0.0
2025-12-08,146447.8323344808,0.0,0.0
2025-12-09,146447.8323344808,0.0,-0.0
2025-12-10,146447.8323344808,0.0,-0.0
2025-12-11,146447.8323344808,0.0,-0.0
2025-12-12,146447.8323344808,0.0,-0.0
2025-12-15,146447.8323344808,0.0,0.0
2025-12-16,146447.8323344808,0.0,0.0
2025-12-17,146447.8323344808,0.0,-0.0
2025-12-18,146447.8323344808,0.0,0.0
2025-12-19,146447.8323344808,0.0,0.0
2025-12-22,146447.8323344808,0.0,0.0
2025-12-23,146447.8323344808,0.0,0.0
2025-12-24,146447.8323344808,0.0,-0.0
2025-12-26,146447.8323344808,0.0,0.0
2025-12-29,146447.8323344808,0.0,-0.0
2025-12-30,146447.8323344808,0.0,-0.0
2025-12-31,146447.8323344808,0.0,-0.0
2026-01-02,146228.1605859791,1.0,-0.0015
2026-01-05,145443.569495468,0.0,-0.0053655266356836245
2026-01-06,145443.569495468,0.0,-0.0
2026-01-07,145443.569495468,0.0,0.0
2026-01-08,145443.569495468,0.0,-0.0
2026-01-09,145443.569495468,0.0,-0.0
2026-01-12,145443.569495468,0.0,0.0
2026-01-13,145443.569495468,0.0,0.0
2026-01-14,145443.569495468,0.0,-0.0
2026-01-15,145443.569495468,0.0,0.0
2026-01-16,145443.569495468,0.0,-0.0
2026-01-20,145443.569495468,0.0,-0.0
2026-01-21,145443.569495468,0.0,0.0
2026-01-22,145443.569495468,0.0,0.0
2026-01-23,145443.569495468,0.0,0.0
2026-01-26,145443.569495468,0.0,-0.0
2026-01-27,145443.569495468,0.0,0.0
2026-01-28,145443.569495468,0.0,0.0
2026-01-29,145225.4041412248,1.0,-0.0015
2026-01-30,143966.5327060889,0.0,-0.00866839684544246
2026-02-02,143966.5327060889,0.0,-0.0
2026-02-03,143966.5327060889,0.0,-0.0
2026-02-04,143966.5327060889,0.0,-0.0
2026-02-05,143966.5327060889,0.0,-0.0
2026-02-06,143966.5327060889,0.0,0.0
2026-02-09,143966.5327060889,0.0,0.0
2026-02-10,143966.5327060889,0.0,-0.0
2026-02-11,143966.5327060889,0.0,0.0
2026-02-12,143966.5327060889,0.0,-0.0
2026-02-13,143966.5327060889,0.0,-0.0
2026-02-17,143966.5327060889,0.0,0.0
2026-02-18,143750.58290702978,1.0,-0.0015
2026-02-19,143473.78701876375,0.0,-0.0019255288059948903
2026-02-20,143258.5763382356,1.0,-0.0015
2026-02-23,144349.3307009793,0.0,0.007613885259954158
2026-02-24,144349.3307009793,0.0,0.0
2026-02-25,144349.3307009793,0.0,0.0
2026-02-26,144349.3307009793,0.0,-0.0
2026-02-27,144349.3307009793,0.0,-0.0
2026-03-02,144349.3307009793,0.0,0.0
2026-03-03,144349.3307009793,0.0,-0.0
2026-03-04,144349.3307009793,0.0,0.0
2026-03-05,144349.3307009793,0.0,0.0
2026-03-06,144349.3307009793,0.0,-0.0
2026-03-09,144349.3307009793,0.0,0.0
2026-03-10,144349.3307009793,0.0,0.0
2026-03-11,144349.3307009793,0.0,0.0
2026-03-12,144349.3307009793,0.0,-0.0
2026-03-13,144349.3307009793,0.0,-0.0
2026-03-16,144349.3307009793,0.0,0.0
2026-03-17,144349.3307009793,0.0,-0.0
2026-03-18,144349.3307009793,0.0,-0.0
2026-03-19,144349.3307009793,0.0,-0.0
2026-03-20,144349.3307009793,0.0,-0.0
2026-03-23,144349.3307009793,0.0,0.0
2026-03-24,144349.3307009793,0.0,-0.0
2026-03-25,144349.3307009793,0.0,0.0
2026-03-26,144349.3307009793,0.0,-0.0
2026-03-27,144349.3307009793,0.0,-0.0
2026-03-30,144349.3307009793,0.0,-0.0
2026-03-31,144349.3307009793,0.0,0.0
2026-04-01,144349.3307009793,0.0,0.0
2026-04-02,144349.3307009793,0.0,0.0
2026-04-06,144349.3307009793,0.0,0.0
2026-04-07,144349.3307009793,0.0,0.0
2026-04-08,144349.3307009793,0.0,0.0
2026-04-09,144349.3307009793,0.0,0.0
2026-04-10,144132.80670492785,1.0,-0.0015
2026-04-13,144436.1921333803,0.0,0.0021049019677633076
2026-04-14,144219.53784518025,1.0,-0.0015
2026-04-15,145951.552535799,1.0,0.012009570384825974
2026-04-16,145351.0030130477,0.0,-0.004114718290536943
2026-04-17,145132.97650852814,1.0,-0.0015
2026-04-20,145188.7361955564,0.0,0.0003841972263623496
2026-04-21,145188.7361955564,0.0,-0.0
2026-04-22,145188.7361955564,0.0,0.0
2026-04-23,145188.7361955564,0.0,-0.0
2026-04-24,144970.95309126307,1.0,-0.0015
2026-04-27,150552.3347852767,0.0,0.038500000000000034
2026-04-28,150326.5062830988,1.0,-0.0015
2026-04-29,146342.85386659668,0.0,-0.026500000000000024
2026-04-30,146342.85386659668,0.0,-0.0
2026-05-01,146342.85386659668,0.0,-0.0
2026-05-04,146342.85386659668,0.0,0.0
2026-05-05,146342.85386659668,0.0,-0.0
2026-05-06,146123.33958579678,1.0,-0.0015
2026-05-07,148703.68113415505,1.0,0.017658654364679505
2026-05-08,151082.05902327536,0.0,0.015994075405400487
2026-05-11,150855.43593474047,1.0,-0.0015
2026-05-12,151776.6250044381,1.0,0.006106436032548013
2026-05-13,155248.28196474144,1.0,0.02287346263103318
2026-05-14,161225.34082038398,0.0,0.038500000000000034
2026-05-15,161225.34082038398,0.0,-0.0
2026-05-18,161225.34082038398,0.0,-0.0
2026-05-19,161225.34082038398,0.0,-0.0
2026-05-20,161225.34082038398,0.0,0.0
2026-05-21,161225.34082038398,0.0,-0.0
2026-05-22,161225.34082038398,0.0,-0.0
