model,design,horizon,level,coverage,coverage_hac_se,coverage_z,below_rate,above_rate,interval_width,interval_score,pit_mean,n,hac_lags,status
bootstrap_ewma,nonoverlap,5,0.5,0.47058823529411764,0.04679837955790567,-0.6284782717634465,0.23529411764705882,0.29411764705882354,0.04442532167200897,0.09186296244010148,0.5099327731092438,119,1,development_evaluation_no_automatic_promotion
bootstrap_ewma,nonoverlap,5,0.8,0.773109243697479,0.037294662729597416,-0.7210349775111453,0.11764705882352941,0.1092436974789916,0.08937858618185066,0.12131904841188908,0.5099327731092438,119,1,development_evaluation_no_automatic_promotion
bootstrap_ewma,nonoverlap,5,0.95,0.907563025210084,0.026517687803102645,-1.6003271139254713,0.04201680672268908,0.05042016806722689,0.1303435441347468,0.15504730694750116,0.5099327731092438,119,1,development_evaluation_no_automatic_promotion
bootstrap_ewma,nonoverlap,21,0.5,0.5,0.09616365727025901,0.0,0.32142857142857145,0.17857142857142858,0.09527050629120483,0.25209119449797923,0.5056428571428572,28,1,development_evaluation_no_automatic_promotion
bootstrap_ewma,nonoverlap,21,0.8,0.5714285714285714,0.08718371168691359,-2.6217216971933253,0.25,0.17857142857142858,0.18064938253455987,0.39520544474797764,0.5056428571428572,28,1,development_evaluation_no_automatic_promotion
bootstrap_ewma,nonoverlap,21,0.95,0.7857142857142857,0.0656856795386925,-2.501088752365588,0.07142857142857142,0.14285714285714285,0.27316567693093513,0.5929045846229737,0.5056428571428572,28,1,development_evaluation_no_automatic_promotion
bootstrap_ewma,overlap_supplement,21,0.5,0.43103448275862066,0.06929557374622512,-0.9952369756536756,0.27586206896551724,0.29310344827586204,0.09524337773599557,0.22918140792402125,0.5121379310344828,116,5,development_evaluation_no_automatic_promotion
bootstrap_ewma,overlap_supplement,21,0.8,0.6724137931034483,0.06478272255581179,-1.9694480544042179,0.12931034482758622,0.19827586206896552,0.18131654356427784,0.33535759820645344,0.5121379310344828,116,5,development_evaluation_no_automatic_promotion
bootstrap_ewma,overlap_supplement,21,0.95,0.8793103448275862,0.04326382685344374,-1.633920536245558,0.04310344827586207,0.07758620689655173,0.2772657297987199,0.49626611680094695,0.5121379310344828,116,5,development_evaluation_no_automatic_promotion
bootstrap_rolling,nonoverlap,5,0.5,0.44537815126050423,0.046395619753672124,-1.1773061558289144,0.25210084033613445,0.3025210084033613,0.04494196417026644,0.09171386780910704,0.5094285714285716,119,1,development_evaluation_no_automatic_promotion
bootstrap_rolling,nonoverlap,5,0.8,0.7899159663865546,0.03609697393554967,-0.2793595283485609,0.10084033613445378,0.1092436974789916,0.09032464390324116,0.11914067921967653,0.5094285714285716,119,1,development_evaluation_no_automatic_promotion
bootstrap_rolling,nonoverlap,5,0.95,0.9243697478991597,0.024690636591300535,-1.0380555400451188,0.04201680672268908,0.03361344537815126,0.1318451767118855,0.14804365929069488,0.5094285714285716,119,1,development_evaluation_no_automatic_promotion
bootstrap_rolling,nonoverlap,21,0.5,0.4642857142857143,0.09568027059739644,-0.3732669806564858,0.32142857142857145,0.21428571428571427,0.09658937117807219,0.25018277127967725,0.5066428571428572,28,1,development_evaluation_no_automatic_promotion
bootstrap_rolling,nonoverlap,21,0.8,0.6071428571428571,0.08448269404737699,-2.282800578648578,0.21428571428571427,0.17857142857142858,0.18309699837941898,0.38106694314947037,0.5066428571428572,28,1,development_evaluation_no_automatic_promotion
bootstrap_rolling,nonoverlap,21,0.95,0.8214285714285714,0.06371170277419477,-2.018019029048836,0.07142857142857142,0.10714285714285714,0.27658496729972465,0.5438776170445794,0.5066428571428572,28,1,development_evaluation_no_automatic_promotion
bootstrap_rolling,overlap_supplement,21,0.5,0.41379310344827586,0.06905344484355397,-1.2484083414959626,0.28448275862068967,0.3017241379310345,0.09643288580859843,0.2272676326333211,0.5121896551724138,116,5,development_evaluation_no_automatic_promotion
bootstrap_rolling,overlap_supplement,21,0.8,0.6896551724137931,0.06226244629563963,-1.772253326865099,0.1206896551724138,0.1896551724137931,0.1835475416621745,0.32498003093610517,0.5121896551724138,116,5,development_evaluation_no_automatic_promotion
bootstrap_rolling,overlap_supplement,21,0.95,0.8706896551724138,0.04367954308850292,-1.8157320159436776,0.04310344827586207,0.08620689655172414,0.2806947649358852,0.4661508463360118,0.5121896551724138,116,5,development_evaluation_no_automatic_promotion
normal_ewma,nonoverlap,5,0.5,0.48739495798319327,0.044624476449278215,-0.2824692415413339,0.23529411764705882,0.2773109243697479,0.04790744387657358,0.09029581058792319,0.5092436974789916,119,1,development_evaluation_no_automatic_promotion
normal_ewma,nonoverlap,5,0.8,0.7899159663865546,0.0370622180824438,-0.2720839209087222,0.09243697478991597,0.11764705882352941,0.09110390740177643,0.12403945734519753,0.5092436974789916,119,1,development_evaluation_no_automatic_promotion
normal_ewma,nonoverlap,5,0.95,0.9663865546218487,0.01622950506003346,1.0096767930528012,0.01680672268907563,0.01680672268907563,0.13924072279171643,0.15012930300356994,0.5092436974789916,119,1,development_evaluation_no_automatic_promotion
normal_ewma,nonoverlap,21,0.5,0.4642857142857143,0.09568027059739644,-0.3732669806564858,0.32142857142857145,0.21428571428571427,0.09872462307496102,0.25942760449992736,0.500357142857143,28,1,development_evaluation_no_automatic_promotion
normal_ewma,nonoverlap,21,0.8,0.6071428571428571,0.09842939602408406,-1.9593449787089414,0.21428571428571427,0.17857142857142858,0.18945121558978711,0.39118333691092866,0.500357142857143,28,1,development_evaluation_no_automatic_promotion
normal_ewma,nonoverlap,21,0.95,0.8571428571428571,0.060152174094651005,-1.543703852017547,0.03571428571428571,0.10714285714285714,0.2897611297174993,0.5952008521528988,0.500357142857143,28,1,development_evaluation_no_automatic_promotion
normal_ewma,overlap_supplement,21,0.5,0.4396551724137931,0.0651556392164254,-0.9261643092129205,0.27586206896551724,0.28448275862068967,0.0987458863834699,0.22816858640635768,0.5139655172413794,116,5,development_evaluation_no_automatic_promotion
normal_ewma,overlap_supplement,21,0.8,0.6896551724137931,0.06186330111865093,-1.7836879958049872,0.12931034482758622,0.1810344827586207,0.18751845830907168,0.33243552334744114,0.5139655172413794,116,5,development_evaluation_no_automatic_promotion
normal_ewma,overlap_supplement,21,0.95,0.8879310344827587,0.046366317956219594,-1.338664967441421,0.034482758620689655,0.07758620689655173,0.28828851399816513,0.4810670899263968,0.5139655172413794,116,5,development_evaluation_no_automatic_promotion
normal_rolling,nonoverlap,5,0.5,0.48739495798319327,0.044624476449278215,-0.2824692415413339,0.23529411764705882,0.2773109243697479,0.04845190538643704,0.08989384099765653,0.509126050420168,119,1,development_evaluation_no_automatic_promotion
normal_rolling,nonoverlap,5,0.8,0.8067226890756303,0.03572356535752044,0.18818639764395698,0.08403361344537816,0.1092436974789916,0.0921254212895241,0.12180359481555961,0.509126050420168,119,1,development_evaluation_no_automatic_promotion
normal_rolling,nonoverlap,5,0.95,0.9831932773109243,0.011681853042659165,2.8414393837784924,0.008403361344537815,0.008403361344537815,0.14083816428660284,0.14779429322142806,0.509126050420168,119,1,development_evaluation_no_automatic_promotion
normal_rolling,nonoverlap,21,0.5,0.4642857142857143,0.09568027059739644,-0.3732669806564858,0.32142857142857145,0.21428571428571427,0.10013030670844154,0.258430327616939,0.5035000000000001,28,1,development_evaluation_no_automatic_promotion
normal_rolling,nonoverlap,21,0.8,0.6428571428571429,0.08811181652638032,-1.7834481609604451,0.17857142857142858,0.17857142857142858,0.19211810075099295,0.3746229960701139,0.5035000000000001,28,1,development_evaluation_no_automatic_promotion
normal_rolling,nonoverlap,21,0.95,0.8928571428571429,0.05469842255712134,-1.044689306774487,0.0,0.10714285714285714,0.2940604748515598,0.567084538725526,0.5035000000000001,28,1,development_evaluation_no_automatic_promotion
normal_rolling,overlap_supplement,21,0.5,0.4396551724137931,0.06769226881988624,-0.8914581921721488,0.2672413793103448,0.29310344827586204,0.10000957149618603,0.22620669705849766,0.5149310344827586,116,5,development_evaluation_no_automatic_promotion
normal_rolling,overlap_supplement,21,0.8,0.7241379310344828,0.05539058550395395,-1.3695841680550933,0.10344827586206896,0.1724137931034483,0.18983523185507195,0.3233363901565555,0.5149310344827586,116,5,development_evaluation_no_automatic_promotion
normal_rolling,overlap_supplement,21,0.95,0.8879310344827587,0.046366317956219594,-1.338664967441421,0.034482758620689655,0.07758620689655173,0.29186936074892383,0.45168405527139954,0.5149310344827586,116,5,development_evaluation_no_automatic_promotion
student_t_ewma,nonoverlap,5,0.5,0.48739495798319327,0.04540881390500151,-0.2775902062356745,0.23529411764705882,0.2773109243697479,0.04781665079373243,0.09010258146424305,0.5101512605042017,119,1,development_evaluation_no_automatic_promotion
student_t_ewma,nonoverlap,5,0.8,0.7815126050420168,0.03719464688592148,-0.49704450790150906,0.09243697478991597,0.12605042016806722,0.09050106603997443,0.12139594498401703,0.5101512605042017,119,1,development_evaluation_no_automatic_promotion
student_t_ewma,nonoverlap,5,0.95,0.9411764705882353,0.020878608088920298,-0.4226109985007611,0.01680672268907563,0.04201680672268908,0.13933771162757352,0.15016807013632874,0.5101512605042017,119,1,development_evaluation_no_automatic_promotion
student_t_ewma,nonoverlap,21,0.5,0.4642857142857143,0.09568027059739644,-0.3732669806564858,0.32142857142857145,0.21428571428571427,0.0987322674848304,0.25988860430023947,0.5047857142857143,28,1,development_evaluation_no_automatic_promotion
student_t_ewma,nonoverlap,21,0.8,0.6071428571428571,0.09842939602408406,-1.9593449787089414,0.21428571428571427,0.17857142857142858,0.18811680605558054,0.3848305731553678,0.5047857142857143,28,1,development_evaluation_no_automatic_promotion
student_t_ewma,nonoverlap,21,0.95,0.8571428571428571,0.07124612267229052,-1.3033290707517677,0.03571428571428571,0.10714285714285714,0.2889503556863529,0.5829203891170468,0.5047857142857143,28,1,development_evaluation_no_automatic_promotion
student_t_ewma,overlap_supplement,21,0.5,0.4482758620689655,0.0671648247782105,-0.7701075392042821,0.2672413793103448,0.28448275862068967,0.09959501236545783,0.22941044621019774,0.5102413793103447,116,5,development_evaluation_no_automatic_promotion
student_t_ewma,overlap_supplement,21,0.8,0.7068965517241379,0.05746483607631539,-1.6201812209507982,0.1206896551724138,0.1724137931034483,0.1891081925769816,0.3314958254598571,0.5102413793103447,116,5,development_evaluation_no_automatic_promotion
student_t_ewma,overlap_supplement,21,0.95,0.8879310344827587,0.046366317956219594,-1.338664967441421,0.034482758620689655,0.07758620689655173,0.28818478849020296,0.4786620102559529,0.5102413793103447,116,5,development_evaluation_no_automatic_promotion
student_t_rolling,nonoverlap,5,0.5,0.47058823529411764,0.04526428355195804,-0.6497786421853146,0.25210084033613445,0.2773109243697479,0.048353486101017265,0.08972136587423388,0.5094453781512606,119,1,development_evaluation_no_automatic_promotion
student_t_rolling,nonoverlap,5,0.8,0.8067226890756303,0.034721126709341715,0.193619554224359,0.09243697478991597,0.10084033613445378,0.09153653601680926,0.11892313621243653,0.5094453781512606,119,1,development_evaluation_no_automatic_promotion
student_t_rolling,nonoverlap,5,0.95,0.957983193277311,0.017980182188669282,0.44399957650828703,0.01680672268907563,0.025210084033613446,0.14098318675009497,0.14496958578290428,0.5094453781512606,119,1,development_evaluation_no_automatic_promotion
student_t_rolling,nonoverlap,21,0.5,0.4642857142857143,0.09568027059739644,-0.3732669806564858,0.32142857142857145,0.21428571428571427,0.10014415163795366,0.2581593287688811,0.5077142857142857,28,1,development_evaluation_no_automatic_promotion
student_t_rolling,nonoverlap,21,0.8,0.6071428571428571,0.08448269404737699,-2.282800578648578,0.21428571428571427,0.17857142857142858,0.1909195836882432,0.36943764550310815,0.5077142857142857,28,1,development_evaluation_no_automatic_promotion
student_t_rolling,nonoverlap,21,0.95,0.8571428571428571,0.07124612267229052,-1.3033290707517677,0.03571428571428571,0.10714285714285714,0.29300484323990705,0.5621179741345682,0.5077142857142857,28,1,development_evaluation_no_automatic_promotion
student_t_rolling,overlap_supplement,21,0.5,0.4482758620689655,0.06753264307657629,-0.7659131284463973,0.2672413793103448,0.28448275862068967,0.1008362188734968,0.22747681431839276,0.5112068965517241,116,5,development_evaluation_no_automatic_promotion
student_t_rolling,overlap_supplement,21,0.8,0.7413793103448276,0.053174538985804036,-1.1024202705513317,0.10344827586206896,0.15517241379310345,0.19144051713272434,0.32376578669510403,0.5112068965517241,116,5,development_evaluation_no_automatic_promotion
student_t_rolling,overlap_supplement,21,0.95,0.8879310344827587,0.046366317956219594,-1.338664967441421,0.034482758620689655,0.07758620689655173,0.29179634851207187,0.44939281801989633,0.5112068965517241,116,5,development_evaluation_no_automatic_promotion
