model,stop_multiplier,take_multiplier,initial_capital,final_equity,total_return,annualized_return,sharpe_ratio,sortino_ratio,max_drawdown,calmar_ratio,ulcer_index,win_rate,profit_factor,avg_win,avg_loss,num_trades,total_fees,realized_pnl,unrealized_pnl
boosting_calibrated,0.8,0.8,100000.0,98481.87808734954,-0.015181219126504608,-0.0298982920985843,0.02666099352242419,0.04938268969621564,-0.20266997423714417,-0.14752205999493692,10.459293413820431,0.43103448275862066,0.9810463238799007,3143.132576857226,-2427.1647373963933,58,18564.769479382518,-1518.121912650332,0.0
boosting_calibrated,0.8,1.0,100000.0,96762.31722380326,-0.032376827761967486,-0.06321998186135624,-0.11065175342504059,-0.20392919377326693,-0.1944063349377324,-0.3251950708376111,10.434897501205965,0.3673469387755102,0.9126303620851135,3703.903566462566,-2356.5440873989724,49,15081.760292903935,-6522.818285613544,3285.1355094168907
boosting_calibrated,0.8,1.2,100000.0,109113.81837069771,0.09113818370697713,0.1889483164428798,0.7875873113497711,1.4805125067558356,-0.16417303344089618,1.1509095768209885,8.801670399251455,0.36585365853658536,1.085197660815937,4727.665537452869,-2513.3664096545813,41,13446.629105840946,5409.342397178173,3704.475973519426
boosting_calibrated,1.0,0.8,100000.0,117145.94378911317,0.1714594378911316,0.3689014775793036,1.2941997346028349,2.020662266172503,-0.1368358741147141,2.695941250538153,6.154924679879875,0.5555555555555556,1.2690024701942066,3271.7346811136836,-3222.7426245799397,45,15451.015267691248,17162.770380672304,-16.82659155912792
boosting_calibrated,1.0,1.0,100000.0,121717.23414489043,0.2171723414489044,0.476930376820782,1.596152895607709,2.463748391230648,-0.12513540266562762,3.8113145174046412,6.026347156935423,0.5,1.280729359336517,4264.7077004096345,-3329.9054709099278,38,13478.219349817251,17584.86506290009,4132.369081990378
boosting_calibrated,1.0,1.2,100000.0,123979.89878915185,0.23979898789151854,0.5319071955384977,1.7677596419460622,2.779255283542627,-0.13306296964260278,3.9974096246849204,6.2470021077469795,0.46875,1.348465924550231,5146.823686768783,-3367.7640161740665,32,11489.506145899244,19770.71096013241,4209.187829019482
boosting_calibrated,1.2,0.8,100000.0,115063.75347972481,0.15063753479724817,0.3210443926111237,1.1704237488887843,1.7849425286916833,-0.1849594288279719,1.7357557527371177,8.110042585216918,0.5789473684210527,1.19626110736899,3386.7840393266233,-3892.8190721807828,38,13329.27272983054,12056.059620861872,3007.693858862927
boosting_calibrated,1.2,1.0,100000.0,119469.0563995081,0.1946905639950811,0.4232927791952992,1.4284616822749392,2.2239843885394697,-0.17667628537727242,2.3958664191484718,8.06021406793094,0.5454545454545454,1.2704775336696665,4311.143916794461,-4071.990698812678,33,12054.815352370591,16346.21070405404,3122.8456954540898
boosting_calibrated,1.2,1.2,100000.0,119883.92620205884,0.19883926202058833,0.43311679388713364,1.4560974279908026,2.3484355305335294,-0.15339058578266718,2.823620443700496,7.070206472002518,0.5,1.2854987365478334,5080.590079400583,-3952.232650997657,30,10701.802851883976,16750.23607193598,3133.6901301229054
logistic_calibrated,0.8,0.8,100000.0,110461.20597487102,0.10461205974871013,0.21825749454828136,0.9047131691960341,1.6134862033015984,-0.1314373329167441,1.6605441521438318,7.6544305956212275,0.5,1.1235117628600395,2672.970830540834,-2379.1213576050627,54,17722.51115709724,7772.277353235968,2688.928621635177
logistic_calibrated,0.8,1.0,100000.0,100360.00874263425,0.0036000874263424354,0.00715613640354551,0.15098184639552034,0.2629244272800825,-0.15396354624792896,0.04647942047283008,8.942482443151308,0.44,0.9695117135540104,2798.576406688904,-2268.0298047538004,50,15536.787299970327,-2083.029042386942,2443.037785021258
logistic_calibrated,0.8,1.2,100000.0,109331.89407850687,0.09331894078506875,0.193668015158595,0.8510326449953213,1.4889025249037875,-0.15059766583506118,1.2859961280588883,8.613716790747395,0.4418604651162791,1.1209037346494022,3332.9212998320245,-2353.9601253319456,43,14099.73642550413,6670.456004834511,2661.438073672325
logistic_calibrated,1.0,0.8,100000.0,127873.78162375509,0.2787378162375509,0.6288512258802128,2.148175497756737,3.467539879427711,-0.10860758170818552,5.790122715096028,4.306355475660306,0.6222222222222222,1.500751374482402,2670.3394607515866,-2930.669426950604,45,15719.801965447446,24760.983168131985,3112.79845562308
logistic_calibrated,1.0,1.0,100000.0,129558.10928451306,0.29558109284513057,0.6716990931494995,2.3252225352572062,3.72327645055101,-0.10860758170818552,6.184642753157582,4.540697678222502,0.6,1.5500683155035395,3122.5202421737104,-3021.660604512802,40,14431.683926310912,26404.309675451048,3153.799609062001
logistic_calibrated,1.0,1.2,100000.0,129444.44069158609,0.29444440691586093,0.6687900962881552,2.3333119330488183,3.6957721542223014,-0.1086075817081853,6.157858279959762,5.039596751796804,0.6,1.5987946677754499,3367.1321635222266,-3159.066231006913,35,12719.85122846013,26293.40808773838,3151.032603847773
logistic_calibrated,1.2,0.8,100000.0,128970.0413464258,0.289700413464258,0.6566764412770925,2.2630112229552717,3.582392580918352,-0.12675238100570763,5.18078189984867,5.635497533701901,0.6585365853658537,1.5399663891683262,2748.377630318498,-3441.9209471316185,41,14713.965896177708,25830.556923371714,3139.484423054086
logistic_calibrated,1.2,1.0,100000.0,132404.8411410878,0.3240484114108779,0.745371914429074,2.4500199453698768,4.034186775351536,-0.1267523810057073,5.880535801497189,5.754955705937235,0.6486486486486487,1.6306401732207225,3164.8328676931465,-3583.1132257618765,37,13827.19540948349,29181.74427332116,3223.0968677666165
logistic_calibrated,1.2,1.2,100000.0,125044.80448519495,0.2504480448519495,0.5581264885209256,1.939099607003098,3.169043711879154,-0.1267523810057074,4.403282085058381,6.4639928479799,0.6176470588235294,1.4686569711997661,3310.4219529552715,-3641.1529704359127,34,12200.41532936221,22000.871089759225,3043.9333954357376
rule_calibrated,0.8,0.8,100000.0,98481.87808734954,-0.015181219126504608,-0.0298982920985843,0.02666099352242419,0.04938268969621564,-0.20266997423714417,-0.14752205999493692,10.459293413820431,0.43103448275862066,0.9810463238799007,3143.132576857226,-2427.1647373963933,58,18564.769479382518,-1518.121912650332,0.0
rule_calibrated,0.8,1.0,100000.0,96762.31722380326,-0.032376827761967486,-0.06321998186135624,-0.11065175342504059,-0.20392919377326693,-0.1944063349377324,-0.3251950708376111,10.434897501205965,0.3673469387755102,0.9126303620851135,3703.903566462566,-2356.5440873989724,49,15081.760292903935,-6522.818285613544,3285.1355094168907
rule_calibrated,0.8,1.2,100000.0,109113.81837069771,0.09113818370697713,0.1889483164428798,0.7875873113497711,1.4805125067558356,-0.16417303344089618,1.1509095768209885,8.801670399251455,0.36585365853658536,1.085197660815937,4727.665537452869,-2513.3664096545813,41,13446.629105840946,5409.342397178173,3704.475973519426
rule_calibrated,1.0,0.8,100000.0,117145.94378911317,0.1714594378911316,0.3689014775793036,1.2941997346028349,2.020662266172503,-0.1368358741147141,2.695941250538153,6.154924679879875,0.5555555555555556,1.2690024701942066,3271.7346811136836,-3222.7426245799397,45,15451.015267691248,17162.770380672304,-16.82659155912792
rule_calibrated,1.0,1.0,100000.0,121717.23414489043,0.2171723414489044,0.476930376820782,1.596152895607709,2.463748391230648,-0.12513540266562762,3.8113145174046412,6.026347156935423,0.5,1.280729359336517,4264.7077004096345,-3329.9054709099278,38,13478.219349817251,17584.86506290009,4132.369081990378
rule_calibrated,1.0,1.2,100000.0,123979.89878915185,0.23979898789151854,0.5319071955384977,1.7677596419460622,2.779255283542627,-0.13306296964260278,3.9974096246849204,6.2470021077469795,0.46875,1.348465924550231,5146.823686768783,-3367.7640161740665,32,11489.506145899244,19770.71096013241,4209.187829019482
rule_calibrated,1.2,0.8,100000.0,115063.75347972481,0.15063753479724817,0.3210443926111237,1.1704237488887843,1.7849425286916833,-0.1849594288279719,1.7357557527371177,8.110042585216918,0.5789473684210527,1.19626110736899,3386.7840393266233,-3892.8190721807828,38,13329.27272983054,12056.059620861872,3007.693858862927
rule_calibrated,1.2,1.0,100000.0,119469.0563995081,0.1946905639950811,0.4232927791952992,1.4284616822749392,2.2239843885394697,-0.17667628537727242,2.3958664191484718,8.06021406793094,0.5454545454545454,1.2704775336696665,4311.143916794461,-4071.990698812678,33,12054.815352370591,16346.21070405404,3122.8456954540898
rule_calibrated,1.2,1.2,100000.0,119883.92620205884,0.19883926202058833,0.43311679388713364,1.4560974279908026,2.3484355305335294,-0.15339058578266718,2.823620443700496,7.070206472002518,0.5,1.2854987365478334,5080.590079400583,-3952.232650997657,30,10701.802851883976,16750.23607193598,3133.6901301229054
trend,0.8,0.8,100000.0,101469.80237617528,0.014698023761752887,0.029375521941197746,0.24241267463733737,0.4382327525858106,-0.1900990110958256,0.15452748424025234,10.177385658662335,0.44642857142857145,1.021270697443135,3143.132576857226,-2481.990663710706,56,18118.90755173566,1484.377280478062,-14.57490430264478
trend,0.8,1.0,100000.0,95657.72374524621,-0.04342276254753785,-0.08432004777391056,-0.2027996579546833,-0.36277949294007805,-0.1944063349377324,-0.4337309676709761,10.323670552488721,0.375,0.940935549045697,3703.903566462566,-2361.8431061845345,48,14800.907468524207,-4328.536184932464,-13.740069821237261
trend,0.8,1.2,100000.0,107868.22591641652,0.07868225916416516,0.16216840295431822,0.7078148749645412,1.2890069484582563,-0.15059766583506118,1.0768321145955186,8.684140489324186,0.375,1.12797228292113,4727.665537452869,-2514.777504218215,40,13129.92602402669,7883.71987652289,-15.49396010646984
trend,1.0,0.8,100000.0,117124.7593249388,0.17124759324938799,0.368410320296239,1.3104968024142518,2.0099986042088234,-0.10860758170818552,3.392123408898927,5.952248809501723,0.5581395348837209,1.283058168882997,3270.690676183874,-3219.962156868187,43,14756.872991051954,17141.582873607033,-16.823548668230195
trend,1.0,1.0,100000.0,120944.8324466724,0.209448324466724,0.45839123901976997,1.5721541701000594,2.3679809425103495,-0.12513540266562762,3.6631618970742448,5.852099887592906,0.5135135135135135,1.3530661460696856,4264.7077004096345,-3326.988794349825,37,13124.934827845593,20962.20470243257,-17.372255760138806
trend,1.0,1.2,100000.0,123193.13851611075,0.23193138516110756,0.5126779623653106,1.7471262784989823,2.6774840598501535,-0.11840567499382448,4.329842825456209,6.061664200604203,0.4838709677419355,1.4348091900007236,5146.823686768783,-3362.919083577448,31,11129.654235152728,23210.833713721982,-17.69519761118959
trend,1.2,0.8,100000.0,115852.1559561766,0.15852155956176595,0.33906567091340345,1.2360193883947055,1.8176809183104754,-0.15231198027500437,2.226126075579932,7.81799288169671,0.5945945945945946,1.2743889070343313,3386.7840393266233,-3897.7765972858015,37,12992.599541184985,15868.796710832412,-16.640754655818803
trend,1.2,1.0,100000.0,120287.6434616912,0.20287643461691207,0.442708898307546,1.4966943477640675,2.246687486639387,-0.14936576280883584,2.9639248645899006,7.77888374223189,0.5625,1.3586676483652518,4311.143916794461,-4079.6579857201223,32,11705.252375793563,20304.921320238227,-17.27785854697244
trend,1.2,1.2,100000.0,120705.35590034451,0.20705355900344502,0.45266692916401396,1.524973605216908,2.3695080258027397,-0.1274784562005703,3.550928860103256,6.790310746486242,0.5172413793103449,1.3779721554769293,5080.590079400583,-3950.3623851545062,29,10351.025978357879,20722.693758208337,-17.337857863782244
