model,mapping,mean,low,high,n,block,repetitions,inference
boosting,raw,0.00234421757081204,-0.02105903195383263,0.025398835216347688,126,21,100,descriptive_not_selection_adjusted
boosting,shrink,-0.0012188659992530707,-0.014222147879823878,0.011890563453603844,126,21,100,descriptive_not_selection_adjusted
boosting,sigmoid,0.002056830491963589,-0.0279226618377427,0.03230037473476739,126,21,100,descriptive_not_selection_adjusted
boosting,calibrated,0.002056830491963589,-0.0279226618377427,0.03230037473476739,126,21,100,descriptive_not_selection_adjusted
boosting,base_rate,0.0,0.0,0.0,126,21,100,descriptive_not_selection_adjusted
logistic,raw,0.006268114191234085,-0.02444989053891063,0.03617637397465954,126,21,100,descriptive_not_selection_adjusted
logistic,shrink,0.00013988579247252453,-0.01488360847129483,0.015070318936288848,126,21,100,descriptive_not_selection_adjusted
logistic,sigmoid,0.0005306504293663144,-0.028360083450948547,0.03109420117657954,126,21,100,descriptive_not_selection_adjusted
logistic,calibrated,-0.01678141444763327,-0.028827967317299686,-0.0037330139942455456,126,21,100,descriptive_not_selection_adjusted
logistic,base_rate,0.0,0.0,0.0,126,21,100,descriptive_not_selection_adjusted
rule,raw,-0.00018068438997396555,-0.0024022024137900894,0.0031553748714776937,126,21,100,descriptive_not_selection_adjusted
rule,shrink,0.0013929999604796119,-0.002710114023779502,0.004378286493396367,126,21,100,descriptive_not_selection_adjusted
rule,sigmoid,-0.00015558558280233877,-0.026759016432284247,0.026884623750810535,126,21,100,descriptive_not_selection_adjusted
rule,calibrated,-0.00015558558280233877,-0.026759016432284247,0.026884623750810535,126,21,100,descriptive_not_selection_adjusted
rule,base_rate,0.0,0.0,0.0,126,21,100,descriptive_not_selection_adjusted
