model,stratum,n,compounded_return,mean_daily_return,mean_abs_exposure
boosting_raw,2020,127,0.16315763657907678,0.0012739211646814713,0.48031496062992124
boosting_raw,high_vol,63,,0.0027693820074057474,0.4603174603174603
boosting_raw,low_vol,64,,-0.0001981731023752379,0.5
boosting_calibrated,2020,127,0.2171723414489053,0.0016904287006558293,0.6929133858267716
boosting_calibrated,high_vol,63,,0.002069124300898237,0.6666666666666666
boosting_calibrated,low_vol,64,,0.0013176502191672088,0.71875
boosting_vol_target,2020,127,0.1968771202532833,0.0015289915307409553,0.6433187148579588
boosting_vol_target,high_vol,63,,0.0017436874663079322,0.5666901077295361
boosting_vol_target,low_vol,64,,0.0013176502191672122,0.71875
boosting_fixed_risk_control,2020,127,0.17165048307389608,0.0013636114648943772,0.6177249305278931
boosting_fixed_risk_control,high_vol,63,,0.0017811013911928869,0.6094670197642319
boosting_fixed_risk_control,low_vol,64,,0.0009526448186942815,0.625853811435872
boosting_exposure_control,2020,127,0.38013799746695653,0.0025998553571637546,0.6849398029110981
boosting_exposure_control,high_vol,63,,0.002339587165808223,0.6388499193815271
boosting_exposure_control,low_vol,64,,0.002856056858029357,0.7303095320105194
logistic_raw,2020,127,0.07221629627875403,0.0006313926656925536,0.49606299212598426
logistic_raw,high_vol,63,,0.0015235590715700555,0.36507936507936506
logistic_raw,low_vol,64,,-0.0002468336400931123,0.625
logistic_calibrated,2020,127,0.29558109284513145,0.0021487134289780675,0.6299212598425197
logistic_calibrated,high_vol,63,,0.0027677394744221834,0.5555555555555556
logistic_calibrated,low_vol,64,,0.0015393596654940164,0.703125
logistic_vol_target,2020,127,0.2549162925701478,0.0018832165998021926,0.5869258153422666
logistic_vol_target,high_vol,63,,0.002232531580686685,0.4688821991820295
logistic_vol_target,low_vol,64,,0.0015393596654940198,0.703125
logistic_fixed_risk_control,2020,127,0.2605430015740393,0.0019093191021845445,0.5712031729437149
logistic_fixed_risk_control,high_vol,63,,0.0024756511414636066,0.5129986163112563
logistic_fixed_risk_control,low_vol,64,,0.001351836001019218,0.6284982833787918
logistic_exposure_control,2020,127,0.35820645374646953,0.0024560666604322764,0.5635860502472048
logistic_exposure_control,high_vol,63,,0.0020160057603543047,0.484667971509518
logistic_exposure_control,low_vol,64,,0.0028892516089465293,0.6412710340046148
rule_raw,2020,127,0.04070002931299643,0.00042244123476893483,0.48031496062992124
rule_raw,high_vol,63,,0.0016998652549779442,0.5396825396825397
rule_raw,low_vol,64,,-0.0008350230351243087,0.421875
rule_calibrated,2020,127,0.2171723414489053,0.0016904287006558293,0.6929133858267716
rule_calibrated,high_vol,63,,0.002069124300898237,0.6666666666666666
rule_calibrated,low_vol,64,,0.0013176502191672088,0.71875
rule_vol_target,2020,127,0.1968771202532833,0.0015289915307409553,0.6433187148579588
rule_vol_target,high_vol,63,,0.0017436874663079322,0.5666901077295361
rule_vol_target,low_vol,64,,0.0013176502191672122,0.71875
rule_fixed_risk_control,2020,127,0.18442877864450735,0.0014423480202756015,0.6120473438081934
rule_fixed_risk_control,high_vol,63,,0.0017440188785869473,0.5980459332907744
rule_fixed_risk_control,low_vol,64,,0.0011453907691253706,0.6258299822862773
rule_exposure_control,2020,127,0.22317794239445599,0.0016681191921499323,0.7119925376272865
rule_exposure_control,high_vol,63,,0.002143532558807895,0.7967279542673177
rule_exposure_control,low_vol,64,,0.0012001341593460002,0.6285811118722555
buy_hold,2020,127,0.4755981851597548,0.0031980942489439825,0.9921259842519685
buy_hold,high_vol,63,,0.0032391033436727046,1.0
buy_hold,low_vol,64,,0.003157725921320397,0.984375
trend,2020,127,0.20944832446672512,0.0016351463186554391,0.6456692913385826
trend,high_vol,63,,0.001957682038770467,0.5714285714285714
trend,low_vol,64,,0.0013176502191672088,0.71875
